OBJECTID,VACCINATION_DATE,RACE_CODE,FirstDoseDaily,FirstDoseCumulative,SecondDoseDaily,SecondDoseCumulative
1,1971/02/27 15:00:00+00,White,1,1,0,0
2,2012/01/26 15:00:00+00,White,1,2,0,0
3,2012/02/02 15:00:00+00,White,1,3,0,0
4,2012/02/03 15:00:00+00,White,1,4,0,0
5,2019/02/01 15:00:00+00,White,1,5,1,1
6,2020/01/01 15:00:00+00,Asian,1,1,1,1
7,2020/01/01 15:00:00+00,White,2,7,0,1
8,2020/01/03 15:00:00+00,White,1,8,0,1
9,2020/01/04 15:00:00+00,White,1,9,1,2
10,2020/01/05 15:00:00+00,Asian,1,2,0,1
11,2020/01/05 15:00:00+00,White,1,10,0,2
12,2020/01/06 15:00:00+00,Other Race,1,1,0,0
13,2020/01/06 15:00:00+00,White,1,11,0,2
14,2020/01/15 15:00:00+00,White,1,12,0,2
15,2020/01/16 15:00:00+00,White,1,13,0,2
16,2020/01/17 15:00:00+00,Other Race,1,2,0,0
17,2020/01/21 15:00:00+00,White,1,14,0,2
18,2020/01/22 15:00:00+00,White,1,15,1,3
19,2020/01/22 15:00:00+00,Black or African American,1,1,0,0
20,2020/01/23 15:00:00+00,Other Race,1,3,0,0
21,2020/01/27 15:00:00+00,White,1,16,0,3
22,2020/01/30 15:00:00+00,White,0,16,1,4
23,2020/01/30 15:00:00+00,Black or African American,1,2,1,1
24,2020/01/31 15:00:00+00,Asian,1,3,0,1
25,2020/02/01 15:00:00+00,White,1,17,1,5
26,2020/02/02 15:00:00+00,White,0,17,1,6
27,2020/02/03 15:00:00+00,White,1,18,0,6
28,2020/02/04 15:00:00+00,White,0,18,1,7
29,2020/02/06 15:00:00+00,Black or African American,1,3,0,1
30,2020/02/07 15:00:00+00,White,1,19,1,8
31,2020/02/16 15:00:00+00,White,1,20,1,9
32,2020/02/19 15:00:00+00,Other Race,0,3,1,1
33,2020/02/23 15:00:00+00,White,2,22,0,9
34,2020/02/24 15:00:00+00,White,3,25,1,10
35,2020/03/01 15:00:00+00,White,2,27,1,11
36,2020/03/17 15:00:00+00,White,1,28,0,11
37,2020/04/01 15:00:00+00,White,1,29,0,11
38,2020/05/01 15:00:00+00,White,0,29,1,12
39,2020/08/04 15:00:00+00,White,1,30,0,12
40,2020/08/10 15:00:00+00,White,1,31,0,12
41,2020/08/14 15:00:00+00,White,2,33,0,12
42,2020/08/21 15:00:00+00,White,1,34,0,12
43,2020/08/27 15:00:00+00,White,1,35,0,12
44,2020/08/31 15:00:00+00,White,1,36,1,13
45,2020/09/01 15:00:00+00,White,1,37,0,13
46,2020/09/03 15:00:00+00,Asian,1,4,0,1
47,2020/09/04 15:00:00+00,White,1,38,0,13
48,2020/09/04 15:00:00+00,Black or African American,1,4,0,1
49,2020/09/05 15:00:00+00,Black or African American,1,5,0,1
50,2020/09/08 15:00:00+00,White,1,39,0,13
51,2020/09/13 15:00:00+00,White,1,40,0,13
52,2020/09/15 15:00:00+00,White,0,40,2,15
53,2020/09/16 15:00:00+00,White,0,40,1,16
54,2020/09/19 15:00:00+00,White,1,41,0,16
55,2020/09/19 15:00:00+00,Black or African American,1,6,0,1
56,2020/09/20 15:00:00+00,White,1,42,0,16
57,2020/09/21 15:00:00+00,Other Race,1,4,0,1
58,2020/09/22 15:00:00+00,White,1,43,0,16
59,2020/09/23 15:00:00+00,White,0,43,1,17
60,2020/09/24 15:00:00+00,White,0,43,1,18
61,2020/09/28 15:00:00+00,White,0,43,1,19
62,2020/09/29 15:00:00+00,White,0,43,1,20
63,2020/09/29 15:00:00+00,American Indian or Alaska Native,1,1,0,0
64,2020/10/01 15:00:00+00,Black or African American,0,6,1,2
65,2020/10/01 15:00:00+00,White,1,44,2,22
66,2020/10/02 15:00:00+00,Other Race,1,5,0,1
67,2020/10/03 15:00:00+00,White,0,44,1,23
68,2020/10/05 15:00:00+00,Black or African American,1,7,0,2
69,2020/10/06 15:00:00+00,Black or African American,0,7,1,3
70,2020/10/07 15:00:00+00,White,0,44,1,24
71,2020/10/13 15:00:00+00,Other Race,1,6,0,1
72,2020/10/15 15:00:00+00,Black or African American,1,8,1,4
73,2020/10/17 15:00:00+00,Black or African American,0,8,1,5
74,2020/10/17 15:00:00+00,Other Race,1,7,0,1
75,2020/10/20 15:00:00+00,White,0,44,1,25
76,2020/10/20 15:00:00+00,Other Race,0,7,1,2
77,2020/10/24 15:00:00+00,White,0,44,1,26
78,2020/10/26 15:00:00+00,White,0,44,1,27
79,2020/11/02 15:00:00+00,White,1,45,1,28
80,2020/11/06 15:00:00+00,Other Race,1,8,1,3
81,2020/11/06 15:00:00+00,White,1,46,0,28
82,2020/11/07 15:00:00+00,Black or African American,1,9,0,5
83,2020/11/11 15:00:00+00,Other Race,0,8,1,4
84,2020/11/12 15:00:00+00,Other Race,0,8,1,5
85,2020/12/01 15:00:00+00,White,4,50,1,29
86,2020/12/01 15:00:00+00,Other Race,2,10,0,5
87,2020/12/01 15:00:00+00,Asian,1,5,0,1
88,2020/12/01 15:00:00+00,Black or African American,2,11,1,6
89,2020/12/02 15:00:00+00,White,1,51,0,29
90,2020/12/03 15:00:00+00,White,2,53,0,29
91,2020/12/04 15:00:00+00,White,0,53,1,30
92,2020/12/07 15:00:00+00,Other Race,1,11,0,5
93,2020/12/08 15:00:00+00,Other Race,1,12,0,5
94,2020/12/08 15:00:00+00,White,1,54,0,30
95,2020/12/08 15:00:00+00,Black or African American,1,12,1,7
96,2020/12/09 15:00:00+00,Other Race,1,13,0,5
97,2020/12/10 15:00:00+00,Black or African American,1,13,0,7
98,2020/12/11 15:00:00+00,White,1,55,0,30
99,2020/12/14 15:00:00+00,White,3,58,0,30
100,2020/12/15 15:00:00+00,Other Race,1,14,0,5
101,2020/12/15 15:00:00+00,Black or African American,4,17,0,7
102,2020/12/15 15:00:00+00,White,4,62,0,30
103,2020/12/16 15:00:00+00,Other Race,52,66,2,7
104,2020/12/16 15:00:00+00,Asian,58,63,0,1
105,2020/12/16 15:00:00+00,Black or African American,70,87,0,7
106,2020/12/16 15:00:00+00,White,356,418,3,33
107,2020/12/16 15:00:00+00,American Indian or Alaska Native,1,2,0,0
108,2020/12/16 15:00:00+00,Native Hawaiian or Other Pacific Islander,1,1,0,0
109,2020/12/17 15:00:00+00,Other Race,66,132,1,8
110,2020/12/17 15:00:00+00,White,742,1160,12,45
111,2020/12/17 15:00:00+00,American Indian or Alaska Native,5,7,0,0
112,2020/12/17 15:00:00+00,Native Hawaiian or Other Pacific Islander,2,3,0,0
113,2020/12/17 15:00:00+00,Black or African American,115,202,1,8
114,2020/12/17 15:00:00+00,Asian,111,174,0,1
115,2020/12/18 15:00:00+00,Asian,201,375,3,4
116,2020/12/18 15:00:00+00,Black or African American,297,499,6,14
117,2020/12/18 15:00:00+00,Other Race,300,432,2,10
118,2020/12/18 15:00:00+00,White,2020,3180,30,75
119,2020/12/18 15:00:00+00,American Indian or Alaska Native,24,31,0,0
120,2020/12/18 15:00:00+00,Native Hawaiian or Other Pacific Islander,7,10,0,0
121,2020/12/19 15:00:00+00,Other Race,93,525,1,11
122,2020/12/19 15:00:00+00,White,542,3722,18,93
123,2020/12/19 15:00:00+00,Black or African American,108,607,6,20
124,2020/12/19 15:00:00+00,Asian,93,468,4,8
125,2020/12/19 15:00:00+00,American Indian or Alaska Native,6,37,0,0
126,2020/12/19 15:00:00+00,Native Hawaiian or Other Pacific Islander,2,12,0,0
127,2020/12/20 15:00:00+00,Asian,14,482,2,10
128,2020/12/20 15:00:00+00,Black or African American,33,640,1,21
129,2020/12/20 15:00:00+00,Other Race,66,591,3,14
130,2020/12/20 15:00:00+00,White,156,3878,7,100
131,2020/12/20 15:00:00+00,American Indian or Alaska Native,4,41,1,1
132,2020/12/20 15:00:00+00,Native Hawaiian or Other Pacific Islander,2,14,0,0
133,2020/12/21 15:00:00+00,Asian,379,861,8,18
134,2020/12/21 15:00:00+00,Black or African American,486,1126,17,38
135,2020/12/21 15:00:00+00,White,2425,6303,29,129
136,2020/12/21 15:00:00+00,American Indian or Alaska Native,25,66,0,1
137,2020/12/21 15:00:00+00,Native Hawaiian or Other Pacific Islander,13,27,0,0
138,2020/12/21 15:00:00+00,Other Race,378,969,10,24
139,2020/12/22 15:00:00+00,White,3138,9441,117,246
140,2020/12/22 15:00:00+00,Asian,460,1321,14,32
141,2020/12/22 15:00:00+00,Black or African American,813,1939,46,84
142,2020/12/22 15:00:00+00,Native Hawaiian or Other Pacific Islander,16,43,0,0
143,2020/12/22 15:00:00+00,American Indian or Alaska Native,30,96,1,2
144,2020/12/22 15:00:00+00,Other Race,1715,2684,144,168
145,2020/12/23 15:00:00+00,Asian,487,1808,13,45
146,2020/12/23 15:00:00+00,Black or African American,866,2805,12,96
147,2020/12/23 15:00:00+00,White,3327,12768,48,294
148,2020/12/23 15:00:00+00,Native Hawaiian or Other Pacific Islander,12,55,0,0
149,2020/12/23 15:00:00+00,American Indian or Alaska Native,20,116,0,2
150,2020/12/23 15:00:00+00,Other Race,733,3417,30,198
151,2020/12/24 15:00:00+00,Black or African American,476,3281,10,106
152,2020/12/24 15:00:00+00,White,1289,14057,13,307
153,2020/12/24 15:00:00+00,American Indian or Alaska Native,12,128,0,2
154,2020/12/24 15:00:00+00,Native Hawaiian or Other Pacific Islander,8,63,0,0
155,2020/12/24 15:00:00+00,Other Race,588,4005,11,209
156,2020/12/24 15:00:00+00,Asian,255,2063,6,51
157,2020/12/25 15:00:00+00,Black or African American,151,3432,15,121
158,2020/12/25 15:00:00+00,Asian,25,2088,1,52
159,2020/12/25 15:00:00+00,Other Race,534,4539,62,271
160,2020/12/25 15:00:00+00,American Indian or Alaska Native,1,129,0,2
161,2020/12/25 15:00:00+00,Native Hawaiian or Other Pacific Islander,3,66,1,1
162,2020/12/25 15:00:00+00,White,316,14373,37,344
163,2020/12/26 15:00:00+00,Other Race,891,5430,75,346
164,2020/12/26 15:00:00+00,White,417,14790,15,359
165,2020/12/26 15:00:00+00,American Indian or Alaska Native,4,133,0,2
166,2020/12/26 15:00:00+00,Native Hawaiian or Other Pacific Islander,5,71,0,1
167,2020/12/26 15:00:00+00,Black or African American,259,3691,21,142
168,2020/12/26 15:00:00+00,Asian,64,2152,3,55
169,2020/12/27 15:00:00+00,Black or African American,228,3919,8,150
170,2020/12/27 15:00:00+00,Asian,73,2225,2,57
171,2020/12/27 15:00:00+00,American Indian or Alaska Native,5,138,0,2
172,2020/12/27 15:00:00+00,Native Hawaiian or Other Pacific Islander,2,73,0,1
173,2020/12/27 15:00:00+00,Other Race,752,6182,59,405
174,2020/12/27 15:00:00+00,White,705,15495,34,393
175,2020/12/28 15:00:00+00,White,5162,20657,166,559
176,2020/12/28 15:00:00+00,Other Race,1428,7610,64,469
177,2020/12/28 15:00:00+00,American Indian or Alaska Native,44,182,0,2
178,2020/12/28 15:00:00+00,Native Hawaiian or Other Pacific Islander,20,93,3,4
179,2020/12/28 15:00:00+00,Asian,713,2938,30,87
180,2020/12/28 15:00:00+00,Black or African American,1207,5126,82,232
181,2020/12/29 15:00:00+00,Other Race,1861,9471,91,560
182,2020/12/29 15:00:00+00,American Indian or Alaska Native,34,216,2,4
183,2020/12/29 15:00:00+00,Native Hawaiian or Other Pacific Islander,19,112,0,4
184,2020/12/29 15:00:00+00,Asian,730,3668,22,109
185,2020/12/29 15:00:00+00,Black or African American,1539,6665,70,302
186,2020/12/29 15:00:00+00,White,6110,26767,141,700
187,2020/12/30 15:00:00+00,American Indian or Alaska Native,44,260,1,5
188,2020/12/30 15:00:00+00,Other Race,1231,10702,56,616
189,2020/12/30 15:00:00+00,White,8151,34918,173,873
190,2020/12/30 15:00:00+00,Asian,1038,4706,14,123
191,2020/12/30 15:00:00+00,Black or African American,1648,8313,44,346
192,2020/12/30 15:00:00+00,Native Hawaiian or Other Pacific Islander,29,141,3,7
193,2020/12/31 15:00:00+00,Native Hawaiian or Other Pacific Islander,23,164,1,8
194,2020/12/31 15:00:00+00,American Indian or Alaska Native,30,290,1,6
195,2020/12/31 15:00:00+00,Other Race,696,11398,26,642
196,2020/12/31 15:00:00+00,Asian,670,5376,15,138
197,2020/12/31 15:00:00+00,Black or African American,1047,9360,42,388
198,2020/12/31 15:00:00+00,White,4819,39737,104,977
199,2021/01/01 15:00:00+00,Other Race,653,12051,66,708
200,2021/01/01 15:00:00+00,Asian,21,5397,6,144
201,2021/01/01 15:00:00+00,White,574,40311,76,1053
202,2021/01/01 15:00:00+00,Black or African American,187,9547,8,396
203,2021/01/01 15:00:00+00,American Indian or Alaska Native,4,294,1,7
204,2021/01/01 15:00:00+00,Native Hawaiian or Other Pacific Islander,2,166,0,8
205,2021/01/02 15:00:00+00,Other Race,664,12715,109,817
206,2021/01/02 15:00:00+00,American Indian or Alaska Native,12,306,0,7
207,2021/01/02 15:00:00+00,White,1231,41542,84,1137
208,2021/01/02 15:00:00+00,Native Hawaiian or Other Pacific Islander,6,172,1,9
209,2021/01/02 15:00:00+00,Asian,207,5604,11,155
210,2021/01/02 15:00:00+00,Black or African American,399,9946,71,467
211,2021/01/03 15:00:00+00,Asian,238,5842,21,176
212,2021/01/03 15:00:00+00,Black or African American,526,10472,99,566
213,2021/01/03 15:00:00+00,American Indian or Alaska Native,10,316,1,8
214,2021/01/03 15:00:00+00,Other Race,1098,13813,191,1008
215,2021/01/03 15:00:00+00,White,1267,42809,152,1289
216,2021/01/03 15:00:00+00,Native Hawaiian or Other Pacific Islander,8,180,0,9
217,2021/01/04 15:00:00+00,White,7433,50242,439,1728
218,2021/01/04 15:00:00+00,Other Race,2405,16218,222,1230
219,2021/01/04 15:00:00+00,Asian,1024,6866,55,231
220,2021/01/04 15:00:00+00,Black or African American,1846,12318,138,704
221,2021/01/04 15:00:00+00,American Indian or Alaska Native,37,353,3,11
222,2021/01/04 15:00:00+00,Native Hawaiian or Other Pacific Islander,28,208,0,9
223,2021/01/05 15:00:00+00,Asian,812,7678,79,310
224,2021/01/05 15:00:00+00,Black or African American,1781,14099,168,872
225,2021/01/05 15:00:00+00,Other Race,1797,18015,245,1475
226,2021/01/05 15:00:00+00,White,7183,57425,584,2312
227,2021/01/05 15:00:00+00,American Indian or Alaska Native,33,386,13,24
228,2021/01/05 15:00:00+00,Native Hawaiian or Other Pacific Islander,21,229,1,10
229,2021/01/06 15:00:00+00,Asian,947,8625,119,429
230,2021/01/06 15:00:00+00,White,9093,66518,769,3081
231,2021/01/06 15:00:00+00,Other Race,2037,20052,266,1741
232,2021/01/06 15:00:00+00,Black or African American,2141,16240,204,1076
233,2021/01/06 15:00:00+00,American Indian or Alaska Native,38,424,7,31
234,2021/01/06 15:00:00+00,Native Hawaiian or Other Pacific Islander,30,259,5,15
235,2021/01/07 15:00:00+00,Black or African American,2207,18447,408,1484
236,2021/01/07 15:00:00+00,White,9061,75579,1532,4613
237,2021/01/07 15:00:00+00,Asian,1232,9857,215,644
238,2021/01/07 15:00:00+00,Other Race,1952,22004,510,2251
239,2021/01/07 15:00:00+00,American Indian or Alaska Native,64,488,10,41
240,2021/01/07 15:00:00+00,Native Hawaiian or Other Pacific Islander,31,290,6,21
241,2021/01/08 15:00:00+00,Asian,1250,11107,238,882
242,2021/01/08 15:00:00+00,White,9758,85337,2034,6647
243,2021/01/08 15:00:00+00,Black or African American,2316,20763,371,1855
244,2021/01/08 15:00:00+00,Other Race,9954,31958,8319,10570
245,2021/01/08 15:00:00+00,Native Hawaiian or Other Pacific Islander,39,329,7,28
246,2021/01/08 15:00:00+00,American Indian or Alaska Native,56,544,14,55
247,2021/01/09 15:00:00+00,American Indian or Alaska Native,22,566,10,65
248,2021/01/09 15:00:00+00,Native Hawaiian or Other Pacific Islander,10,339,0,28
249,2021/01/09 15:00:00+00,Asian,435,11542,119,1001
250,2021/01/09 15:00:00+00,White,2552,87889,662,7309
251,2021/01/09 15:00:00+00,Black or African American,740,21503,149,2004
252,2021/01/09 15:00:00+00,Other Race,1007,32965,143,10713
253,2021/01/10 15:00:00+00,Black or African American,675,22178,90,2094
254,2021/01/10 15:00:00+00,Asian,172,11714,79,1080
255,2021/01/10 15:00:00+00,Other Race,846,33811,142,10855
256,2021/01/10 15:00:00+00,Native Hawaiian or Other Pacific Islander,1,340,5,33
257,2021/01/10 15:00:00+00,White,851,88740,290,7599
258,2021/01/10 15:00:00+00,American Indian or Alaska Native,4,570,1,66
259,2021/01/11 15:00:00+00,White,8551,97291,2316,9915
260,2021/01/11 15:00:00+00,Other Race,1448,35259,464,11319
261,2021/01/11 15:00:00+00,American Indian or Alaska Native,55,625,24,90
262,2021/01/11 15:00:00+00,Native Hawaiian or Other Pacific Islander,17,357,8,41
263,2021/01/11 15:00:00+00,Asian,901,12615,389,1469
264,2021/01/11 15:00:00+00,Black or African American,2269,24447,581,2675
265,2021/01/12 15:00:00+00,Asian,831,13446,427,1896
266,2021/01/12 15:00:00+00,Black or African American,2634,27081,909,3584
267,2021/01/12 15:00:00+00,Native Hawaiian or Other Pacific Islander,33,390,20,61
268,2021/01/12 15:00:00+00,American Indian or Alaska Native,65,690,31,121
269,2021/01/12 15:00:00+00,Other Race,3363,38622,1908,13227
270,2021/01/12 15:00:00+00,White,9686,106977,3079,12994
271,2021/01/13 15:00:00+00,White,12091,119068,2480,15474
272,2021/01/13 15:00:00+00,Other Race,1554,40176,672,13899
273,2021/01/13 15:00:00+00,Native Hawaiian or Other Pacific Islander,44,434,7,68
274,2021/01/13 15:00:00+00,American Indian or Alaska Native,72,762,23,144
275,2021/01/13 15:00:00+00,Asian,1069,14515,322,2218
276,2021/01/13 15:00:00+00,Black or African American,2955,30036,702,4286
277,2021/01/14 15:00:00+00,Black or African American,3177,33213,463,4749
278,2021/01/14 15:00:00+00,American Indian or Alaska Native,49,811,19,163
279,2021/01/14 15:00:00+00,Native Hawaiian or Other Pacific Islander,30,464,7,75
280,2021/01/14 15:00:00+00,Asian,1103,15618,207,2425
281,2021/01/14 15:00:00+00,Other Race,1663,41839,320,14219
282,2021/01/14 15:00:00+00,White,11195,130263,1393,16867
283,2021/01/15 15:00:00+00,American Indian or Alaska Native,55,866,10,173
284,2021/01/15 15:00:00+00,Native Hawaiian or Other Pacific Islander,37,501,3,78
285,2021/01/15 15:00:00+00,Other Race,1875,43714,790,15009
286,2021/01/15 15:00:00+00,Black or African American,3395,36608,459,5208
287,2021/01/15 15:00:00+00,Asian,1332,16950,166,2591
288,2021/01/15 15:00:00+00,White,12118,142381,1189,18056
289,2021/01/16 15:00:00+00,Other Race,1126,44840,674,15683
290,2021/01/16 15:00:00+00,American Indian or Alaska Native,26,892,6,179
291,2021/01/16 15:00:00+00,Native Hawaiian or Other Pacific Islander,10,511,7,85
292,2021/01/16 15:00:00+00,Asian,347,17297,116,2707
293,2021/01/16 15:00:00+00,White,3422,145803,510,18566
294,2021/01/16 15:00:00+00,Black or African American,643,37251,245,5453
295,2021/01/17 15:00:00+00,Other Race,646,45486,666,16349
296,2021/01/17 15:00:00+00,American Indian or Alaska Native,4,896,4,183
297,2021/01/17 15:00:00+00,Native Hawaiian or Other Pacific Islander,5,516,3,88
298,2021/01/17 15:00:00+00,Asian,125,17422,115,2822
299,2021/01/17 15:00:00+00,Black or African American,409,37660,184,5637
300,2021/01/17 15:00:00+00,White,818,146621,652,19218
301,2021/01/18 15:00:00+00,Other Race,1105,46591,1137,17486
302,2021/01/18 15:00:00+00,American Indian or Alaska Native,16,912,11,194
303,2021/01/18 15:00:00+00,Native Hawaiian or Other Pacific Islander,8,524,7,95
304,2021/01/18 15:00:00+00,White,4563,151184,1574,20792
305,2021/01/18 15:00:00+00,Black or African American,1075,38735,555,6192
306,2021/01/18 15:00:00+00,Asian,323,17745,219,3041
307,2021/01/19 15:00:00+00,Asian,964,18709,412,3453
308,2021/01/19 15:00:00+00,Black or African American,1845,40580,764,6956
309,2021/01/19 15:00:00+00,American Indian or Alaska Native,46,958,16,210
310,2021/01/19 15:00:00+00,Native Hawaiian or Other Pacific Islander,14,538,11,106
311,2021/01/19 15:00:00+00,Other Race,2087,48678,1152,18638
312,2021/01/19 15:00:00+00,White,11139,162323,2703,23495
313,2021/01/20 15:00:00+00,Other Race,2032,50710,663,19301
314,2021/01/20 15:00:00+00,White,14758,177081,3380,26875
315,2021/01/20 15:00:00+00,Asian,1195,19904,496,3949
316,2021/01/20 15:00:00+00,Black or African American,2356,42936,835,7791
317,2021/01/20 15:00:00+00,American Indian or Alaska Native,67,1025,17,227
318,2021/01/20 15:00:00+00,Native Hawaiian or Other Pacific Islander,36,574,16,122
319,2021/01/21 15:00:00+00,Asian,1339,21243,321,4270
320,2021/01/21 15:00:00+00,Black or African American,3055,45991,581,8372
321,2021/01/21 15:00:00+00,Other Race,2022,52732,612,19913
322,2021/01/21 15:00:00+00,White,16266,193347,2296,29171
323,2021/01/21 15:00:00+00,American Indian or Alaska Native,58,1083,15,242
324,2021/01/21 15:00:00+00,Native Hawaiian or Other Pacific Islander,32,606,6,128
325,2021/01/22 15:00:00+00,Asian,1512,22755,245,4515
326,2021/01/22 15:00:00+00,White,18940,212287,2089,31260
327,2021/01/22 15:00:00+00,Other Race,3491,56223,1292,21205
328,2021/01/22 15:00:00+00,Black or African American,4118,50109,565,8937
329,2021/01/22 15:00:00+00,Native Hawaiian or Other Pacific Islander,40,646,10,138
330,2021/01/22 15:00:00+00,American Indian or Alaska Native,71,1154,9,251
331,2021/01/23 15:00:00+00,White,5290,217577,765,32025
332,2021/01/23 15:00:00+00,Asian,457,23212,129,4644
333,2021/01/23 15:00:00+00,Black or African American,1342,51451,311,9248
334,2021/01/23 15:00:00+00,Native Hawaiian or Other Pacific Islander,15,661,1,139
335,2021/01/23 15:00:00+00,American Indian or Alaska Native,27,1181,5,256
336,2021/01/23 15:00:00+00,Other Race,2276,58499,1003,22208
337,2021/01/24 15:00:00+00,Asian,151,23363,72,4716
338,2021/01/24 15:00:00+00,Black or African American,379,51830,300,9548
339,2021/01/24 15:00:00+00,White,1362,218939,829,32854
340,2021/01/24 15:00:00+00,Other Race,1317,59816,1105,23313
341,2021/01/24 15:00:00+00,American Indian or Alaska Native,10,1191,6,262
342,2021/01/24 15:00:00+00,Native Hawaiian or Other Pacific Islander,4,665,7,146
343,2021/01/25 15:00:00+00,American Indian or Alaska Native,34,1225,35,297
344,2021/01/25 15:00:00+00,Native Hawaiian or Other Pacific Islander,17,682,16,162
345,2021/01/25 15:00:00+00,Asian,757,24120,588,5304
346,2021/01/25 15:00:00+00,Black or African American,2089,53919,1296,10844
347,2021/01/25 15:00:00+00,White,10687,229626,4991,37845
348,2021/01/25 15:00:00+00,Other Race,2546,62362,2001,25314
349,2021/01/26 15:00:00+00,Black or African American,2215,56134,1215,12059
350,2021/01/26 15:00:00+00,White,11253,240879,5886,43731
351,2021/01/26 15:00:00+00,Asian,796,24916,504,5808
352,2021/01/26 15:00:00+00,Other Race,2896,65258,1505,26819
353,2021/01/26 15:00:00+00,Native Hawaiian or Other Pacific Islander,21,703,12,174
354,2021/01/26 15:00:00+00,American Indian or Alaska Native,41,1266,30,327
355,2021/01/27 15:00:00+00,Native Hawaiian or Other Pacific Islander,42,745,40,214
356,2021/01/27 15:00:00+00,American Indian or Alaska Native,70,1336,35,362
357,2021/01/27 15:00:00+00,White,16976,257855,7923,51654
358,2021/01/27 15:00:00+00,Black or African American,3409,59543,1781,13840
359,2021/01/27 15:00:00+00,Asian,1059,25975,822,6630
360,2021/01/27 15:00:00+00,Other Race,2346,67604,2091,28910
361,2021/01/28 15:00:00+00,Black or African American,3486,63029,1334,15174
362,2021/01/28 15:00:00+00,Asian,915,26890,697,7327
363,2021/01/28 15:00:00+00,American Indian or Alaska Native,60,1396,40,402
364,2021/01/28 15:00:00+00,White,15262,273117,6029,57683
365,2021/01/28 15:00:00+00,Native Hawaiian or Other Pacific Islander,43,788,22,236
366,2021/01/28 15:00:00+00,Other Race,2318,69922,1436,30346
367,2021/01/29 15:00:00+00,Other Race,2639,72561,1328,31674
368,2021/01/29 15:00:00+00,White,16194,289311,4521,62204
369,2021/01/29 15:00:00+00,Native Hawaiian or Other Pacific Islander,32,820,15,251
370,2021/01/29 15:00:00+00,American Indian or Alaska Native,69,1465,32,434
371,2021/01/29 15:00:00+00,Asian,1334,28224,502,7829
372,2021/01/29 15:00:00+00,Black or African American,3339,66368,1243,16417
373,2021/01/30 15:00:00+00,Native Hawaiian or Other Pacific Islander,39,859,13,264
374,2021/01/30 15:00:00+00,American Indian or Alaska Native,67,1532,12,446
375,2021/01/30 15:00:00+00,Other Race,2466,75027,422,32096
376,2021/01/30 15:00:00+00,White,11165,300476,1654,63858
377,2021/01/30 15:00:00+00,Asian,1178,29402,225,8054
378,2021/01/30 15:00:00+00,Black or African American,2358,68726,466,16883
379,2021/01/31 15:00:00+00,Black or African American,835,69561,472,17355
380,2021/01/31 15:00:00+00,Asian,205,29607,37,8091
381,2021/01/31 15:00:00+00,Other Race,1063,76090,600,32696
382,2021/01/31 15:00:00+00,White,1509,301985,269,64127
383,2021/01/31 15:00:00+00,American Indian or Alaska Native,14,1546,4,450
384,2021/01/31 15:00:00+00,Native Hawaiian or Other Pacific Islander,9,868,1,265
385,2021/02/01 15:00:00+00,Other Race,1645,77735,966,33662
386,2021/02/01 15:00:00+00,White,3602,305587,2128,66255
387,2021/02/01 15:00:00+00,Asian,214,29821,259,8350
388,2021/02/01 15:00:00+00,Black or African American,773,70334,1074,18429
389,2021/02/01 15:00:00+00,American Indian or Alaska Native,11,1557,8,458
390,2021/02/01 15:00:00+00,Native Hawaiian or Other Pacific Islander,8,876,6,271
391,2021/02/02 15:00:00+00,Asian,596,30417,910,9260
392,2021/02/02 15:00:00+00,Black or African American,1630,71964,2134,20563
393,2021/02/02 15:00:00+00,Other Race,2446,80181,3272,36934
394,2021/02/02 15:00:00+00,White,6890,312477,7664,73919
395,2021/02/02 15:00:00+00,American Indian or Alaska Native,21,1578,57,515
396,2021/02/02 15:00:00+00,Native Hawaiian or Other Pacific Islander,16,892,26,297
397,2021/02/03 15:00:00+00,Asian,747,31164,1276,10536
398,2021/02/03 15:00:00+00,Black or African American,2716,74680,2530,23093
399,2021/02/03 15:00:00+00,White,10852,323329,12527,86446
400,2021/02/03 15:00:00+00,Other Race,2983,83164,2277,39211
401,2021/02/03 15:00:00+00,Native Hawaiian or Other Pacific Islander,29,921,46,343
402,2021/02/03 15:00:00+00,American Indian or Alaska Native,55,1633,69,584
403,2021/02/04 15:00:00+00,Asian,1006,32170,1217,11753
404,2021/02/04 15:00:00+00,Black or African American,4265,78945,2899,25992
405,2021/02/04 15:00:00+00,White,12357,335686,10322,96768
406,2021/02/04 15:00:00+00,Native Hawaiian or Other Pacific Islander,33,954,31,374
407,2021/02/04 15:00:00+00,Other Race,3664,86828,1869,41080
408,2021/02/04 15:00:00+00,American Indian or Alaska Native,62,1695,61,645
409,2021/02/05 15:00:00+00,Black or African American,2984,81929,2736,28728
410,2021/02/05 15:00:00+00,Asian,1268,33438,1385,13138
411,2021/02/05 15:00:00+00,White,12461,348147,10987,107755
412,2021/02/05 15:00:00+00,Native Hawaiian or Other Pacific Islander,45,999,45,419
413,2021/02/05 15:00:00+00,American Indian or Alaska Native,43,1738,49,694
414,2021/02/05 15:00:00+00,Other Race,2959,89787,2938,44018
415,2021/02/06 15:00:00+00,Black or African American,1707,83636,895,29623
416,2021/02/06 15:00:00+00,White,6738,354885,3926,111681
417,2021/02/06 15:00:00+00,American Indian or Alaska Native,17,1755,31,725
418,2021/02/06 15:00:00+00,Native Hawaiian or Other Pacific Islander,31,1030,15,434
419,2021/02/06 15:00:00+00,Other Race,1937,91724,1738,45756
420,2021/02/06 15:00:00+00,Asian,539,33977,486,13624
421,2021/02/07 15:00:00+00,Asian,301,34278,108,13732
422,2021/02/07 15:00:00+00,Black or African American,1246,84882,424,30047
423,2021/02/07 15:00:00+00,American Indian or Alaska Native,14,1769,7,732
424,2021/02/07 15:00:00+00,Native Hawaiian or Other Pacific Islander,4,1034,1,435
425,2021/02/07 15:00:00+00,White,2529,357414,860,112541
426,2021/02/07 15:00:00+00,Other Race,1632,93356,658,46414
427,2021/02/08 15:00:00+00,Other Race,2429,95785,1508,47922
428,2021/02/08 15:00:00+00,American Indian or Alaska Native,36,1805,53,785
429,2021/02/08 15:00:00+00,Native Hawaiian or Other Pacific Islander,18,1052,21,456
430,2021/02/08 15:00:00+00,White,7174,364588,8536,121077
431,2021/02/08 15:00:00+00,Asian,597,34875,908,14640
432,2021/02/08 15:00:00+00,Black or African American,2220,87102,2230,32277
433,2021/02/09 15:00:00+00,Asian,810,35685,797,15437
434,2021/02/09 15:00:00+00,Black or African American,2431,89533,2442,34719
435,2021/02/09 15:00:00+00,American Indian or Alaska Native,47,1852,48,833
436,2021/02/09 15:00:00+00,Native Hawaiian or Other Pacific Islander,25,1077,23,479
437,2021/02/09 15:00:00+00,White,9645,374233,8875,129952
438,2021/02/09 15:00:00+00,Other Race,2932,98717,2099,50021
439,2021/02/10 15:00:00+00,Other Race,3396,102113,2253,52274
440,2021/02/10 15:00:00+00,White,10887,385120,15271,145223
441,2021/02/10 15:00:00+00,Native Hawaiian or Other Pacific Islander,31,1108,56,535
442,2021/02/10 15:00:00+00,American Indian or Alaska Native,68,1920,67,900
443,2021/02/10 15:00:00+00,Asian,940,36625,1156,16593
444,2021/02/10 15:00:00+00,Black or African American,3457,92990,3089,37808
445,2021/02/11 15:00:00+00,Black or African American,3836,96826,3103,40911
446,2021/02/11 15:00:00+00,American Indian or Alaska Native,76,1996,60,960
447,2021/02/11 15:00:00+00,Native Hawaiian or Other Pacific Islander,47,1155,25,560
448,2021/02/11 15:00:00+00,Asian,1278,37903,1104,17697
449,2021/02/11 15:00:00+00,White,14079,399199,12354,157577
450,2021/02/11 15:00:00+00,Other Race,3240,105353,2284,54558
451,2021/02/12 15:00:00+00,Native Hawaiian or Other Pacific Islander,34,1189,34,594
452,2021/02/12 15:00:00+00,American Indian or Alaska Native,67,2063,65,1025
453,2021/02/12 15:00:00+00,Other Race,2933,108286,2668,57226
454,2021/02/12 15:00:00+00,Asian,1226,39129,1355,19052
455,2021/02/12 15:00:00+00,Black or African American,3749,100575,3875,44786
456,2021/02/12 15:00:00+00,White,11621,410820,13100,170677
457,2021/02/13 15:00:00+00,Other Race,1752,110038,927,58153
458,2021/02/13 15:00:00+00,American Indian or Alaska Native,34,2097,15,1040
459,2021/02/13 15:00:00+00,Native Hawaiian or Other Pacific Islander,13,1202,10,604
460,2021/02/13 15:00:00+00,Black or African American,2119,102694,810,45596
461,2021/02/13 15:00:00+00,White,6388,417208,4517,175194
462,2021/02/13 15:00:00+00,Asian,522,39651,390,19442
463,2021/02/14 15:00:00+00,Other Race,1638,111676,512,58665
464,2021/02/14 15:00:00+00,American Indian or Alaska Native,20,2117,9,1049
465,2021/02/14 15:00:00+00,Native Hawaiian or Other Pacific Islander,4,1206,4,608
466,2021/02/14 15:00:00+00,Asian,388,40039,197,19639
467,2021/02/14 15:00:00+00,White,3436,420644,1870,177064
468,2021/02/14 15:00:00+00,Black or African American,1389,104083,627,46223
469,2021/02/15 15:00:00+00,Other Race,1789,113465,2249,60914
470,2021/02/15 15:00:00+00,Native Hawaiian or Other Pacific Islander,13,1219,22,630
471,2021/02/15 15:00:00+00,American Indian or Alaska Native,31,2148,42,1091
472,2021/02/15 15:00:00+00,White,7241,427885,8516,185580
473,2021/02/15 15:00:00+00,Black or African American,2113,106196,1840,48063
474,2021/02/15 15:00:00+00,Asian,430,40469,626,20265
475,2021/02/16 15:00:00+00,Black or African American,3289,109485,2904,50967
476,2021/02/16 15:00:00+00,Asian,1024,41493,1133,21398
477,2021/02/16 15:00:00+00,White,9255,437140,14533,200113
478,2021/02/16 15:00:00+00,Native Hawaiian or Other Pacific Islander,25,1244,21,651
479,2021/02/16 15:00:00+00,American Indian or Alaska Native,46,2194,62,1153
480,2021/02/16 15:00:00+00,Other Race,2864,116329,3262,64176
481,2021/02/17 15:00:00+00,Other Race,3069,119398,2685,66861
482,2021/02/17 15:00:00+00,White,12643,449783,19431,219544
483,2021/02/17 15:00:00+00,Asian,1082,42575,1372,22770
484,2021/02/17 15:00:00+00,Black or African American,3646,113131,3546,54513
485,2021/02/17 15:00:00+00,American Indian or Alaska Native,54,2248,74,1227
486,2021/02/17 15:00:00+00,Native Hawaiian or Other Pacific Islander,23,1267,41,692
487,2021/02/18 15:00:00+00,Black or African American,662,113793,778,55291
488,2021/02/18 15:00:00+00,Asian,174,42749,216,22986
489,2021/02/18 15:00:00+00,Other Race,639,120037,1128,67989
490,2021/02/18 15:00:00+00,White,1806,451589,2835,222379
491,2021/02/18 15:00:00+00,American Indian or Alaska Native,16,2264,17,1244
492,2021/02/18 15:00:00+00,Native Hawaiian or Other Pacific Islander,9,1276,12,704
493,2021/02/19 15:00:00+00,Asian,674,43423,1256,24242
494,2021/02/19 15:00:00+00,White,5949,457538,13529,235908
495,2021/02/19 15:00:00+00,Other Race,2192,122229,3177,71166
496,2021/02/19 15:00:00+00,Black or African American,1830,115623,3353,58644
497,2021/02/19 15:00:00+00,American Indian or Alaska Native,40,2304,68,1312
498,2021/02/19 15:00:00+00,Native Hawaiian or Other Pacific Islander,19,1295,34,738
499,2021/02/20 15:00:00+00,Asian,685,44108,1665,25907
500,2021/02/20 15:00:00+00,White,5407,462945,16007,251915
501,2021/02/20 15:00:00+00,Black or African American,1794,117417,3519,62163
502,2021/02/20 15:00:00+00,Other Race,2095,124324,3175,74341
503,2021/02/20 15:00:00+00,American Indian or Alaska Native,31,2335,82,1394
504,2021/02/20 15:00:00+00,Native Hawaiian or Other Pacific Islander,10,1305,50,788
505,2021/02/21 15:00:00+00,White,2703,465648,6093,258008
506,2021/02/21 15:00:00+00,Asian,613,44721,1075,26982
507,2021/02/21 15:00:00+00,Black or African American,947,118364,1499,63662
508,2021/02/21 15:00:00+00,Other Race,1718,126042,2000,76341
509,2021/02/21 15:00:00+00,Native Hawaiian or Other Pacific Islander,8,1313,13,801
510,2021/02/21 15:00:00+00,American Indian or Alaska Native,35,2370,60,1454
511,2021/02/22 15:00:00+00,Native Hawaiian or Other Pacific Islander,10,1323,34,835
512,2021/02/22 15:00:00+00,American Indian or Alaska Native,17,2387,45,1499
513,2021/02/22 15:00:00+00,White,4335,469983,12691,270699
514,2021/02/22 15:00:00+00,Asian,340,45061,984,27966
515,2021/02/22 15:00:00+00,Black or African American,1225,119589,3224,66886
516,2021/02/22 15:00:00+00,Other Race,2050,128092,2603,78944
517,2021/02/23 15:00:00+00,Black or African American,3155,122744,4743,71629
518,2021/02/23 15:00:00+00,White,8276,478259,15753,286452
519,2021/02/23 15:00:00+00,Asian,672,45733,1377,29343
520,2021/02/23 15:00:00+00,Other Race,3252,131344,4949,83893
521,2021/02/23 15:00:00+00,Native Hawaiian or Other Pacific Islander,26,1349,46,881
522,2021/02/23 15:00:00+00,American Indian or Alaska Native,43,2430,64,1563
523,2021/02/24 15:00:00+00,Native Hawaiian or Other Pacific Islander,26,1375,59,940
524,2021/02/24 15:00:00+00,Other Race,3079,134423,4792,88685
525,2021/02/24 15:00:00+00,White,10724,488983,24529,310981
526,2021/02/24 15:00:00+00,American Indian or Alaska Native,50,2480,112,1675
527,2021/02/24 15:00:00+00,Asian,780,46513,1912,31255
528,2021/02/24 15:00:00+00,Black or African American,3038,125782,5644,77273
529,2021/02/25 15:00:00+00,Asian,941,47454,1670,32925
530,2021/02/25 15:00:00+00,Black or African American,4149,129931,7036,84309
531,2021/02/25 15:00:00+00,Native Hawaiian or Other Pacific Islander,17,1392,47,987
532,2021/02/25 15:00:00+00,American Indian or Alaska Native,63,2543,107,1782
533,2021/02/25 15:00:00+00,White,10624,499607,24763,335744
534,2021/02/25 15:00:00+00,Other Race,4039,138462,6435,95120
535,2021/02/26 15:00:00+00,Other Race,3997,142459,5825,100945
536,2021/02/26 15:00:00+00,White,15368,514975,27998,363742
537,2021/02/26 15:00:00+00,American Indian or Alaska Native,84,2627,129,1911
538,2021/02/26 15:00:00+00,Native Hawaiian or Other Pacific Islander,51,1443,86,1073
539,2021/02/26 15:00:00+00,Asian,1536,48990,2736,35661
540,2021/02/26 15:00:00+00,Black or African American,5038,134969,7425,91734
541,2021/02/27 15:00:00+00,Black or African American,2999,137968,3993,95727
542,2021/02/27 15:00:00+00,American Indian or Alaska Native,74,2701,63,1974
543,2021/02/27 15:00:00+00,Native Hawaiian or Other Pacific Islander,22,1465,33,1106
544,2021/02/27 15:00:00+00,Asian,1134,50124,1612,37273
545,2021/02/27 15:00:00+00,White,8313,523288,12481,376223
546,2021/02/27 15:00:00+00,Other Race,3120,145579,4116,105061
547,2021/02/28 15:00:00+00,Native Hawaiian or Other Pacific Islander,15,1480,26,1132
548,2021/02/28 15:00:00+00,Other Race,4045,149624,5330,110391
549,2021/02/28 15:00:00+00,American Indian or Alaska Native,44,2745,57,2031
550,2021/02/28 15:00:00+00,Asian,919,51043,1222,38495
551,2021/02/28 15:00:00+00,Black or African American,3515,141483,4153,99880
552,2021/02/28 15:00:00+00,White,6783,530071,8297,384520
553,2021/03/01 15:00:00+00,American Indian or Alaska Native,64,2809,94,2125
554,2021/03/01 15:00:00+00,Other Race,4615,154239,6322,116713
555,2021/03/01 15:00:00+00,Native Hawaiian or Other Pacific Islander,36,1516,50,1182
556,2021/03/01 15:00:00+00,Asian,1649,52692,2258,40753
557,2021/03/01 15:00:00+00,Black or African American,5133,146616,6837,106717
558,2021/03/01 15:00:00+00,White,12327,542398,19233,403753
559,2021/03/02 15:00:00+00,Other Race,4555,158794,6805,123518
560,2021/03/02 15:00:00+00,Native Hawaiian or Other Pacific Islander,31,1547,44,1226
561,2021/03/02 15:00:00+00,American Indian or Alaska Native,70,2879,99,2224
562,2021/03/02 15:00:00+00,Black or African American,4401,151017,6248,112965
563,2021/03/02 15:00:00+00,White,12451,554849,20377,424130
564,2021/03/02 15:00:00+00,Asian,1535,54227,1940,42693
565,2021/03/03 15:00:00+00,Other Race,5191,163985,8024,131542
566,2021/03/03 15:00:00+00,American Indian or Alaska Native,79,2958,140,2364
567,2021/03/03 15:00:00+00,Native Hawaiian or Other Pacific Islander,41,1588,70,1296
568,2021/03/03 15:00:00+00,White,16175,571024,26925,451055
569,2021/03/03 15:00:00+00,Black or African American,6080,157097,9233,122198
570,2021/03/03 15:00:00+00,Asian,1454,55681,2184,44877
571,2021/03/04 15:00:00+00,Asian,1747,57428,2327,47204
572,2021/03/04 15:00:00+00,Other Race,5889,169874,8851,140393
573,2021/03/04 15:00:00+00,American Indian or Alaska Native,102,3060,147,2511
574,2021/03/04 15:00:00+00,Native Hawaiian or Other Pacific Islander,51,1639,78,1374
575,2021/03/04 15:00:00+00,White,19131,590155,29666,480721
576,2021/03/04 15:00:00+00,Black or African American,6788,163885,10033,132231
577,2021/03/05 15:00:00+00,Other Race,5209,175083,7843,148236
578,2021/03/05 15:00:00+00,White,18081,608236,29505,510226
579,2021/03/05 15:00:00+00,American Indian or Alaska Native,147,3207,190,2701
580,2021/03/05 15:00:00+00,Native Hawaiian or Other Pacific Islander,63,1702,95,1469
581,2021/03/05 15:00:00+00,Asian,1801,59229,2847,50051
582,2021/03/05 15:00:00+00,Black or African American,7214,171099,10422,142653
583,2021/03/06 15:00:00+00,Asian,1532,60761,1859,51910
584,2021/03/06 15:00:00+00,Black or African American,5414,176513,7363,150016
585,2021/03/06 15:00:00+00,Other Race,4367,179450,5797,154033
586,2021/03/06 15:00:00+00,White,11785,620021,16479,526705
587,2021/03/06 15:00:00+00,American Indian or Alaska Native,102,3309,117,2818
588,2021/03/06 15:00:00+00,Native Hawaiian or Other Pacific Islander,37,1739,57,1526
589,2021/03/07 15:00:00+00,White,8976,628997,10680,537385
590,2021/03/07 15:00:00+00,Other Race,5247,184697,6902,160935
591,2021/03/07 15:00:00+00,Asian,1231,61992,1470,53380
592,2021/03/07 15:00:00+00,Black or African American,2868,179381,3669,153685
593,2021/03/07 15:00:00+00,Native Hawaiian or Other Pacific Islander,23,1762,27,1553
594,2021/03/07 15:00:00+00,American Indian or Alaska Native,74,3383,84,2902
595,2021/03/08 15:00:00+00,Asian,2359,64351,2741,56121
596,2021/03/08 15:00:00+00,White,17975,646972,22765,560150
597,2021/03/08 15:00:00+00,Black or African American,7588,186969,9032,162717
598,2021/03/08 15:00:00+00,Other Race,5095,189792,6669,167604
599,2021/03/08 15:00:00+00,Native Hawaiian or Other Pacific Islander,84,1846,94,1647
600,2021/03/08 15:00:00+00,American Indian or Alaska Native,124,3507,139,3041
601,2021/03/09 15:00:00+00,Black or African American,7578,194547,10154,172871
602,2021/03/09 15:00:00+00,White,17451,664423,26852,587002
603,2021/03/09 15:00:00+00,Asian,2174,66525,2842,58963
604,2021/03/09 15:00:00+00,Other Race,6050,195842,8134,175738
605,2021/03/09 15:00:00+00,Native Hawaiian or Other Pacific Islander,103,1949,133,1780
606,2021/03/09 15:00:00+00,American Indian or Alaska Native,139,3646,177,3218
607,2021/03/10 15:00:00+00,Asian,2306,68831,3103,62066
608,2021/03/10 15:00:00+00,Black or African American,8449,202996,11522,184393
609,2021/03/10 15:00:00+00,White,19957,684380,28999,616001
610,2021/03/10 15:00:00+00,Native Hawaiian or Other Pacific Islander,68,2017,86,1866
611,2021/03/10 15:00:00+00,American Indian or Alaska Native,194,3840,257,3475
612,2021/03/10 15:00:00+00,Other Race,5577,201419,7919,183657
613,2021/03/11 15:00:00+00,Black or African American,9270,212266,12118,196511
614,2021/03/11 15:00:00+00,White,19584,703964,29896,645897
615,2021/03/11 15:00:00+00,Asian,2114,70945,3078,65144
616,2021/03/11 15:00:00+00,American Indian or Alaska Native,137,3977,197,3672
617,2021/03/11 15:00:00+00,Native Hawaiian or Other Pacific Islander,73,2090,107,1973
618,2021/03/11 15:00:00+00,Other Race,5244,206663,6623,190280
619,2021/03/12 15:00:00+00,Black or African American,9502,221768,11921,208432
620,2021/03/12 15:00:00+00,White,19438,723402,29100,674997
621,2021/03/12 15:00:00+00,American Indian or Alaska Native,164,4141,216,3888
622,2021/03/12 15:00:00+00,Native Hawaiian or Other Pacific Islander,89,2179,114,2087
623,2021/03/12 15:00:00+00,Other Race,5557,212220,7672,197952
624,2021/03/12 15:00:00+00,Asian,2362,73307,3425,68569
625,2021/03/13 15:00:00+00,Asian,1991,75298,2471,71040
626,2021/03/13 15:00:00+00,Black or African American,5481,227249,6991,215423
627,2021/03/13 15:00:00+00,Other Race,4646,216866,6299,204251
628,2021/03/13 15:00:00+00,White,9879,733281,14812,689809
629,2021/03/13 15:00:00+00,American Indian or Alaska Native,96,4237,120,4008
630,2021/03/13 15:00:00+00,Native Hawaiian or Other Pacific Islander,42,2221,49,2136
631,2021/03/14 15:00:00+00,Other Race,4275,221141,5620,209871
632,2021/03/14 15:00:00+00,White,7492,740773,10251,700060
633,2021/03/14 15:00:00+00,American Indian or Alaska Native,257,4494,270,4278
634,2021/03/14 15:00:00+00,Native Hawaiian or Other Pacific Islander,23,2244,28,2164
635,2021/03/14 15:00:00+00,Black or African American,3155,230404,3967,219390
636,2021/03/14 15:00:00+00,Asian,1382,76680,1683,72723
637,2021/03/15 15:00:00+00,Asian,2294,78974,2698,75421
638,2021/03/15 15:00:00+00,Black or African American,6823,237227,8669,228059
639,2021/03/15 15:00:00+00,American Indian or Alaska Native,104,4598,139,4417
640,2021/03/15 15:00:00+00,Native Hawaiian or Other Pacific Islander,80,2324,90,2254
641,2021/03/15 15:00:00+00,Other Race,5642,226783,7149,217020
642,2021/03/15 15:00:00+00,White,13581,754354,19912,719972
643,2021/03/16 15:00:00+00,Other Race,6263,233046,8464,225484
644,2021/03/16 15:00:00+00,White,16486,770840,24130,744102
645,2021/03/16 15:00:00+00,American Indian or Alaska Native,123,4721,153,4570
646,2021/03/16 15:00:00+00,Native Hawaiian or Other Pacific Islander,104,2428,119,2373
647,2021/03/16 15:00:00+00,Asian,2226,81200,3122,78543
648,2021/03/16 15:00:00+00,Black or African American,7488,244715,9417,237476
649,2021/03/17 15:00:00+00,Native Hawaiian or Other Pacific Islander,85,2513,107,2480
650,2021/03/17 15:00:00+00,American Indian or Alaska Native,178,4899,216,4786
651,2021/03/17 15:00:00+00,Other Race,6360,239406,9089,234573
652,2021/03/17 15:00:00+00,Asian,2456,83656,3413,81956
653,2021/03/17 15:00:00+00,White,18961,789801,28779,772881
654,2021/03/17 15:00:00+00,Black or African American,9404,254119,12024,249500
655,2021/03/18 15:00:00+00,Other Race,7132,246538,8856,243429
656,2021/03/18 15:00:00+00,Asian,2818,86474,3318,85274
657,2021/03/18 15:00:00+00,Black or African American,9928,264047,11617,261117
658,2021/03/18 15:00:00+00,White,19258,809059,25233,798114
659,2021/03/18 15:00:00+00,Native Hawaiian or Other Pacific Islander,108,2621,120,2600
660,2021/03/18 15:00:00+00,American Indian or Alaska Native,162,5061,197,4983
661,2021/03/19 15:00:00+00,Native Hawaiian or Other Pacific Islander,69,2690,85,2685
662,2021/03/19 15:00:00+00,American Indian or Alaska Native,134,5195,181,5164
663,2021/03/19 15:00:00+00,Other Race,5658,252196,7342,250771
664,2021/03/19 15:00:00+00,Asian,2407,88881,3275,88549
665,2021/03/19 15:00:00+00,Black or African American,7634,271681,9684,270801
666,2021/03/19 15:00:00+00,White,15204,824263,22989,821103
667,2021/03/20 15:00:00+00,Other Race,4159,256355,5584,256355
668,2021/03/20 15:00:00+00,Asian,1695,90576,2027,90576
669,2021/03/20 15:00:00+00,White,6837,831100,9997,831100
670,2021/03/20 15:00:00+00,Black or African American,3148,274829,4028,274829
671,2021/03/20 15:00:00+00,Native Hawaiian or Other Pacific Islander,24,2714,29,2714
672,2021/03/20 15:00:00+00,American Indian or Alaska Native,53,5248,84,5248
