OBJECTID,VACCINATION_DATE,County,DailyFirstDose,CumulativeFirstDose,DailySecondDose,CumulativeSecondDose
1,1930/11/13 15:00:00+00,Kent,1,1,0,0
2,1966/02/12 15:00:00+00,Anne Arundel,1,1,0,0
3,1966/02/15 15:00:00+00,Anne Arundel,1,2,0,0
4,2019/12/26 15:00:00+00,Frederick,1,1,0,0
5,2020/01/01 15:00:00+00,Howard,1,1,0,0
6,2020/01/01 15:00:00+00,Unknown,2,2,0,0
7,2020/01/01 15:00:00+00,Worcester,2,2,0,0
8,2020/01/03 15:00:00+00,Montgomery,1,1,0,0
9,2020/01/05 15:00:00+00,Allegany,1,1,0,0
10,2020/01/06 15:00:00+00,Montgomery,1,2,0,0
11,2020/01/17 15:00:00+00,Montgomery,1,3,0,0
12,2020/01/21 15:00:00+00,Unknown,1,3,0,0
13,2020/01/22 15:00:00+00,Frederick,1,2,0,0
14,2020/01/23 15:00:00+00,Unknown,1,4,0,0
15,2020/01/25 15:00:00+00,Talbot,1,1,0,0
16,2020/01/26 15:00:00+00,Anne Arundel,1,3,0,0
17,2020/01/27 15:00:00+00,Anne Arundel,1,4,0,0
18,2020/01/27 15:00:00+00,Montgomery,1,4,0,0
19,2020/01/28 15:00:00+00,Baltimore,1,1,0,0
20,2020/01/30 15:00:00+00,Caroline,1,1,0,0
21,2020/01/31 15:00:00+00,Montgomery,1,5,0,0
22,2020/02/01 15:00:00+00,Washington,1,1,0,0
23,2020/02/02 15:00:00+00,Allegany,0,1,0,0
24,2020/02/03 15:00:00+00,Baltimore City,1,1,0,0
25,2020/02/04 15:00:00+00,Montgomery,0,5,1,1
26,2020/02/07 15:00:00+00,Unknown,1,5,0,0
27,2020/02/11 15:00:00+00,Anne Arundel,1,5,0,0
28,2020/02/12 15:00:00+00,Prince George's,1,1,0,0
29,2020/02/19 15:00:00+00,Unknown,0,5,1,1
30,2020/02/20 15:00:00+00,Anne Arundel,1,6,0,0
31,2020/02/23 15:00:00+00,Unknown,1,6,0,1
32,2020/04/01 15:00:00+00,Montgomery,1,6,0,1
33,2020/05/01 15:00:00+00,Montgomery,0,6,0,1
34,2020/08/14 15:00:00+00,Frederick,1,3,0,0
35,2020/08/14 15:00:00+00,Montgomery,1,7,0,1
36,2020/08/21 15:00:00+00,Frederick,1,4,0,0
37,2020/08/27 15:00:00+00,Frederick,1,5,0,0
38,2020/08/31 15:00:00+00,Frederick,1,6,0,0
39,2020/09/01 15:00:00+00,Cecil,1,1,0,0
40,2020/09/03 15:00:00+00,Prince George's,1,2,0,0
41,2020/09/04 15:00:00+00,Anne Arundel,1,7,0,0
42,2020/09/04 15:00:00+00,Baltimore,1,2,0,0
43,2020/09/05 15:00:00+00,Baltimore,1,3,0,0
44,2020/09/13 15:00:00+00,Anne Arundel,1,8,0,0
45,2020/09/15 15:00:00+00,Frederick,0,6,1,1
46,2020/09/16 15:00:00+00,Montgomery,0,7,1,2
47,2020/09/23 15:00:00+00,Frederick,0,6,1,2
48,2020/09/24 15:00:00+00,Frederick,0,6,1,3
49,2020/09/29 15:00:00+00,Frederick,0,6,1,4
50,2020/10/01 15:00:00+00,Baltimore,0,3,1,1
51,2020/10/01 15:00:00+00,Cecil,0,1,1,1
52,2020/10/03 15:00:00+00,Anne Arundel,0,8,1,1
53,2020/10/06 15:00:00+00,Baltimore,0,3,1,2
54,2020/10/07 15:00:00+00,Anne Arundel,0,8,1,2
55,2020/10/12 15:00:00+00,Montgomery,1,8,0,2
56,2020/10/16 15:00:00+00,Frederick,1,7,0,4
57,2020/10/17 15:00:00+00,Montgomery,1,9,0,2
58,2020/10/20 15:00:00+00,Garrett,1,1,0,0
59,2020/11/01 15:00:00+00,Wicomico,1,1,0,0
60,2020/11/04 15:00:00+00,Frederick,1,8,0,4
61,2020/11/06 15:00:00+00,Montgomery,1,10,0,2
62,2020/11/07 15:00:00+00,Anne Arundel,1,9,0,2
63,2020/12/01 15:00:00+00,Baltimore,1,4,0,2
64,2020/12/01 15:00:00+00,Carroll,1,1,0,0
65,2020/12/01 15:00:00+00,Frederick,1,9,0,4
66,2020/12/01 15:00:00+00,Montgomery,2,12,1,3
67,2020/12/01 15:00:00+00,Somerset,1,1,0,0
68,2020/12/01 15:00:00+00,Wicomico,1,2,0,0
69,2020/12/04 15:00:00+00,Baltimore,1,5,0,2
70,2020/12/11 15:00:00+00,Montgomery,1,13,0,3
71,2020/12/11 15:00:00+00,Unknown,1,7,0,1
72,2020/12/14 15:00:00+00,Anne Arundel,1,10,0,2
73,2020/12/14 15:00:00+00,Montgomery,1,14,0,3
74,2020/12/15 15:00:00+00,Baltimore,1,6,0,2
75,2020/12/15 15:00:00+00,Baltimore City,3,4,0,0
76,2020/12/15 15:00:00+00,Frederick,2,11,0,4
77,2020/12/15 15:00:00+00,Montgomery,1,15,0,3
78,2020/12/16 15:00:00+00,Anne Arundel,53,63,0,2
79,2020/12/16 15:00:00+00,Baltimore,121,127,0,2
80,2020/12/16 15:00:00+00,Baltimore City,163,167,0,0
81,2020/12/16 15:00:00+00,Calvert,1,1,0,0
82,2020/12/16 15:00:00+00,Caroline,2,3,0,0
83,2020/12/16 15:00:00+00,Carroll,5,6,0,0
84,2020/12/16 15:00:00+00,Cecil,3,4,0,1
85,2020/12/16 15:00:00+00,Charles,6,6,0,0
86,2020/12/16 15:00:00+00,Dorchester,5,5,0,0
87,2020/12/16 15:00:00+00,Frederick,1,12,0,4
88,2020/12/16 15:00:00+00,Harford,51,51,0,0
89,2020/12/16 15:00:00+00,Howard,54,55,0,0
90,2020/12/16 15:00:00+00,Montgomery,23,38,0,3
91,2020/12/16 15:00:00+00,Prince George's,12,14,0,0
92,2020/12/16 15:00:00+00,Queen Anne's,4,4,0,0
93,2020/12/16 15:00:00+00,St. Mary's,2,2,0,0
94,2020/12/16 15:00:00+00,Talbot,6,7,0,0
95,2020/12/16 15:00:00+00,Unknown,20,27,0,1
96,2020/12/16 15:00:00+00,Washington,3,4,0,0
97,2020/12/16 15:00:00+00,Wicomico,1,3,0,0
98,2020/12/17 15:00:00+00,Anne Arundel,98,161,0,2
99,2020/12/17 15:00:00+00,Baltimore,189,316,0,2
100,2020/12/17 15:00:00+00,Baltimore City,232,399,0,0
101,2020/12/17 15:00:00+00,Calvert,3,4,0,0
102,2020/12/17 15:00:00+00,Caroline,5,8,0,0
103,2020/12/17 15:00:00+00,Carroll,16,22,0,0
104,2020/12/17 15:00:00+00,Cecil,3,7,0,1
105,2020/12/17 15:00:00+00,Charles,11,17,0,0
106,2020/12/17 15:00:00+00,Dorchester,7,12,0,0
107,2020/12/17 15:00:00+00,Frederick,21,33,0,4
108,2020/12/17 15:00:00+00,Harford,65,116,0,0
109,2020/12/17 15:00:00+00,Howard,108,163,0,0
110,2020/12/17 15:00:00+00,Kent,5,6,0,0
111,2020/12/17 15:00:00+00,Montgomery,65,103,0,3
112,2020/12/17 15:00:00+00,Prince George's,14,28,0,0
113,2020/12/17 15:00:00+00,Queen Anne's,9,13,0,0
114,2020/12/17 15:00:00+00,Somerset,8,9,0,0
115,2020/12/17 15:00:00+00,St. Mary's,1,3,0,0
116,2020/12/17 15:00:00+00,Talbot,12,19,0,0
117,2020/12/17 15:00:00+00,Unknown,59,86,0,1
118,2020/12/17 15:00:00+00,Washington,4,8,0,0
119,2020/12/17 15:00:00+00,Wicomico,77,80,0,0
120,2020/12/17 15:00:00+00,Worcester,28,30,0,0
121,2020/12/18 15:00:00+00,Allegany,4,5,0,0
122,2020/12/18 15:00:00+00,Anne Arundel,167,328,0,2
123,2020/12/18 15:00:00+00,Baltimore,441,757,0,2
124,2020/12/18 15:00:00+00,Baltimore City,360,759,0,0
125,2020/12/18 15:00:00+00,Calvert,11,15,0,0
126,2020/12/18 15:00:00+00,Caroline,3,11,0,0
127,2020/12/18 15:00:00+00,Carroll,77,99,0,0
128,2020/12/18 15:00:00+00,Cecil,6,13,0,1
129,2020/12/18 15:00:00+00,Charles,17,34,0,0
130,2020/12/18 15:00:00+00,Dorchester,8,20,0,0
131,2020/12/18 15:00:00+00,Frederick,133,166,0,4
132,2020/12/18 15:00:00+00,Harford,127,243,0,0
133,2020/12/18 15:00:00+00,Howard,235,398,0,0
134,2020/12/18 15:00:00+00,Kent,1,7,0,0
135,2020/12/18 15:00:00+00,Montgomery,304,407,0,3
136,2020/12/18 15:00:00+00,Prince George's,50,78,0,0
137,2020/12/18 15:00:00+00,Queen Anne's,18,31,0,0
138,2020/12/18 15:00:00+00,Somerset,33,42,0,0
139,2020/12/18 15:00:00+00,St. Mary's,25,28,0,0
140,2020/12/18 15:00:00+00,Talbot,14,33,0,0
141,2020/12/18 15:00:00+00,Unknown,257,343,0,1
142,2020/12/18 15:00:00+00,Washington,70,78,0,0
143,2020/12/18 15:00:00+00,Wicomico,323,403,0,0
144,2020/12/18 15:00:00+00,Worcester,158,188,0,0
145,2020/12/19 15:00:00+00,Anne Arundel,41,369,0,2
146,2020/12/19 15:00:00+00,Baltimore,135,892,0,2
147,2020/12/19 15:00:00+00,Baltimore City,82,841,0,0
148,2020/12/19 15:00:00+00,Calvert,1,16,0,0
149,2020/12/19 15:00:00+00,Carroll,13,112,0,0
150,2020/12/19 15:00:00+00,Cecil,2,15,0,1
151,2020/12/19 15:00:00+00,Dorchester,1,21,0,0
152,2020/12/19 15:00:00+00,Frederick,7,173,0,4
153,2020/12/19 15:00:00+00,Harford,38,281,0,0
154,2020/12/19 15:00:00+00,Howard,89,487,0,0
155,2020/12/19 15:00:00+00,Kent,1,8,0,0
156,2020/12/19 15:00:00+00,Montgomery,145,552,0,3
157,2020/12/19 15:00:00+00,Prince George's,18,96,0,0
158,2020/12/19 15:00:00+00,Queen Anne's,2,33,0,0
159,2020/12/19 15:00:00+00,Somerset,9,51,0,0
160,2020/12/19 15:00:00+00,Talbot,2,35,0,0
161,2020/12/19 15:00:00+00,Unknown,82,425,0,1
162,2020/12/19 15:00:00+00,Wicomico,131,534,0,0
163,2020/12/19 15:00:00+00,Worcester,42,230,0,0
164,2020/12/20 15:00:00+00,Allegany,1,6,0,0
165,2020/12/20 15:00:00+00,Anne Arundel,5,374,0,2
166,2020/12/20 15:00:00+00,Baltimore,64,956,0,2
167,2020/12/20 15:00:00+00,Baltimore City,40,881,0,0
168,2020/12/20 15:00:00+00,Calvert,1,17,0,0
169,2020/12/20 15:00:00+00,Carroll,3,115,0,0
170,2020/12/20 15:00:00+00,Cecil,2,17,0,1
171,2020/12/20 15:00:00+00,Frederick,10,183,0,4
172,2020/12/20 15:00:00+00,Harford,22,303,0,0
173,2020/12/20 15:00:00+00,Howard,12,499,0,0
174,2020/12/20 15:00:00+00,Montgomery,81,633,0,3
175,2020/12/20 15:00:00+00,Prince George's,11,107,0,0
176,2020/12/20 15:00:00+00,Unknown,20,445,0,1
177,2020/12/20 15:00:00+00,Wicomico,1,535,0,0
178,2020/12/21 15:00:00+00,Allegany,23,29,0,0
179,2020/12/21 15:00:00+00,Anne Arundel,282,656,0,2
180,2020/12/21 15:00:00+00,Baltimore,576,1532,0,2
181,2020/12/21 15:00:00+00,Baltimore City,512,1393,0,0
182,2020/12/21 15:00:00+00,Calvert,15,32,0,0
183,2020/12/21 15:00:00+00,Caroline,5,16,0,0
184,2020/12/21 15:00:00+00,Carroll,123,238,0,0
185,2020/12/21 15:00:00+00,Cecil,23,40,0,1
186,2020/12/21 15:00:00+00,Charles,39,73,0,0
187,2020/12/21 15:00:00+00,Dorchester,11,32,0,0
188,2020/12/21 15:00:00+00,Frederick,217,400,0,4
189,2020/12/21 15:00:00+00,Garrett,1,2,0,0
190,2020/12/21 15:00:00+00,Harford,282,585,0,0
191,2020/12/21 15:00:00+00,Howard,342,841,0,0
192,2020/12/21 15:00:00+00,Kent,10,18,0,0
193,2020/12/21 15:00:00+00,Montgomery,441,1074,0,3
194,2020/12/21 15:00:00+00,Prince George's,167,274,0,0
195,2020/12/21 15:00:00+00,Queen Anne's,24,57,0,0
196,2020/12/21 15:00:00+00,Somerset,1,52,0,0
197,2020/12/21 15:00:00+00,St. Mary's,48,76,0,0
198,2020/12/21 15:00:00+00,Talbot,16,51,0,0
199,2020/12/21 15:00:00+00,Unknown,296,741,0,1
200,2020/12/21 15:00:00+00,Washington,162,240,0,0
201,2020/12/21 15:00:00+00,Wicomico,24,559,0,0
202,2020/12/21 15:00:00+00,Worcester,54,284,0,0
203,2020/12/22 15:00:00+00,Allegany,54,83,0,0
204,2020/12/22 15:00:00+00,Anne Arundel,411,1067,0,2
205,2020/12/22 15:00:00+00,Baltimore,1024,2556,0,2
206,2020/12/22 15:00:00+00,Baltimore City,560,1953,0,0
207,2020/12/22 15:00:00+00,Calvert,26,58,0,0
208,2020/12/22 15:00:00+00,Caroline,16,32,0,0
209,2020/12/22 15:00:00+00,Carroll,265,503,0,0
210,2020/12/22 15:00:00+00,Cecil,90,130,0,1
211,2020/12/22 15:00:00+00,Charles,49,122,0,0
212,2020/12/22 15:00:00+00,Dorchester,19,51,0,0
213,2020/12/22 15:00:00+00,Frederick,327,727,0,4
214,2020/12/22 15:00:00+00,Garrett,1,3,0,0
215,2020/12/22 15:00:00+00,Harford,270,855,0,0
216,2020/12/22 15:00:00+00,Howard,436,1277,0,0
217,2020/12/22 15:00:00+00,Kent,12,30,0,0
218,2020/12/22 15:00:00+00,Montgomery,1022,2096,0,3
219,2020/12/22 15:00:00+00,Prince George's,542,816,0,0
220,2020/12/22 15:00:00+00,Queen Anne's,109,166,0,0
221,2020/12/22 15:00:00+00,Somerset,7,59,0,0
222,2020/12/22 15:00:00+00,St. Mary's,57,133,0,0
223,2020/12/22 15:00:00+00,Talbot,30,81,0,0
224,2020/12/22 15:00:00+00,Unknown,452,1193,0,1
225,2020/12/22 15:00:00+00,Washington,229,469,0,0
226,2020/12/22 15:00:00+00,Wicomico,66,625,0,0
227,2020/12/22 15:00:00+00,Worcester,83,367,0,0
228,2020/12/23 15:00:00+00,Allegany,116,199,0,0
229,2020/12/23 15:00:00+00,Anne Arundel,361,1428,0,2
230,2020/12/23 15:00:00+00,Baltimore,1162,3718,0,2
231,2020/12/23 15:00:00+00,Baltimore City,602,2555,0,0
232,2020/12/23 15:00:00+00,Calvert,110,168,0,0
233,2020/12/23 15:00:00+00,Caroline,66,98,0,0
234,2020/12/23 15:00:00+00,Carroll,160,663,0,0
235,2020/12/23 15:00:00+00,Cecil,61,191,0,1
236,2020/12/23 15:00:00+00,Charles,27,149,0,0
237,2020/12/23 15:00:00+00,Dorchester,40,91,0,0
238,2020/12/23 15:00:00+00,Frederick,237,964,0,4
239,2020/12/23 15:00:00+00,Garrett,45,48,0,0
240,2020/12/23 15:00:00+00,Harford,202,1057,0,0
241,2020/12/23 15:00:00+00,Howard,351,1628,0,0
242,2020/12/23 15:00:00+00,Kent,5,35,0,0
243,2020/12/23 15:00:00+00,Montgomery,639,2735,0,3
244,2020/12/23 15:00:00+00,Prince George's,270,1086,0,0
245,2020/12/23 15:00:00+00,Queen Anne's,34,200,0,0
246,2020/12/23 15:00:00+00,Somerset,19,78,0,0
247,2020/12/23 15:00:00+00,St. Mary's,74,207,0,0
248,2020/12/23 15:00:00+00,Talbot,45,126,0,0
249,2020/12/23 15:00:00+00,Unknown,427,1620,0,1
250,2020/12/23 15:00:00+00,Washington,101,570,0,0
251,2020/12/23 15:00:00+00,Wicomico,185,810,0,0
252,2020/12/23 15:00:00+00,Worcester,76,443,0,0
253,2020/12/24 15:00:00+00,Anne Arundel,233,1661,0,2
254,2020/12/24 15:00:00+00,Baltimore,619,4337,0,2
255,2020/12/24 15:00:00+00,Baltimore City,428,2983,0,0
256,2020/12/24 15:00:00+00,Calvert,34,202,0,0
257,2020/12/24 15:00:00+00,Caroline,3,101,0,0
258,2020/12/24 15:00:00+00,Carroll,99,762,0,0
259,2020/12/24 15:00:00+00,Cecil,27,218,0,1
260,2020/12/24 15:00:00+00,Charles,21,170,0,0
261,2020/12/24 15:00:00+00,Dorchester,36,127,0,0
262,2020/12/24 15:00:00+00,Frederick,23,987,0,4
263,2020/12/24 15:00:00+00,Garrett,1,49,0,0
264,2020/12/24 15:00:00+00,Harford,100,1157,0,0
265,2020/12/24 15:00:00+00,Howard,216,1844,0,0
266,2020/12/24 15:00:00+00,Kent,1,36,0,0
267,2020/12/24 15:00:00+00,Montgomery,238,2973,0,3
268,2020/12/24 15:00:00+00,Prince George's,181,1267,0,0
269,2020/12/24 15:00:00+00,Queen Anne's,11,211,0,0
270,2020/12/24 15:00:00+00,Somerset,11,89,0,0
271,2020/12/24 15:00:00+00,St. Mary's,9,216,0,0
272,2020/12/24 15:00:00+00,Talbot,9,135,0,0
273,2020/12/24 15:00:00+00,Unknown,160,1780,0,1
274,2020/12/24 15:00:00+00,Washington,5,575,0,0
275,2020/12/24 15:00:00+00,Wicomico,125,935,0,0
276,2020/12/24 15:00:00+00,Worcester,31,474,0,0
277,2020/12/25 15:00:00+00,Anne Arundel,22,1683,0,2
278,2020/12/25 15:00:00+00,Baltimore,32,4369,0,2
279,2020/12/25 15:00:00+00,Baltimore City,11,2994,0,0
280,2020/12/25 15:00:00+00,Calvert,84,286,0,0
281,2020/12/25 15:00:00+00,Caroline,1,102,0,0
282,2020/12/25 15:00:00+00,Carroll,114,876,0,0
283,2020/12/25 15:00:00+00,Cecil,4,222,0,1
284,2020/12/25 15:00:00+00,Charles,7,177,0,0
285,2020/12/25 15:00:00+00,Dorchester,69,196,0,0
286,2020/12/25 15:00:00+00,Frederick,6,993,0,4
287,2020/12/25 15:00:00+00,Harford,169,1326,0,0
288,2020/12/25 15:00:00+00,Howard,37,1881,0,0
289,2020/12/25 15:00:00+00,Kent,1,37,0,0
290,2020/12/25 15:00:00+00,Montgomery,229,3202,0,3
291,2020/12/25 15:00:00+00,Prince George's,179,1446,0,0
292,2020/12/25 15:00:00+00,St. Mary's,23,239,0,0
293,2020/12/25 15:00:00+00,Talbot,5,140,0,0
294,2020/12/25 15:00:00+00,Unknown,30,1810,0,1
295,2020/12/25 15:00:00+00,Washington,2,577,0,0
296,2020/12/25 15:00:00+00,Wicomico,3,938,0,0
297,2020/12/26 15:00:00+00,Anne Arundel,159,1842,0,2
298,2020/12/26 15:00:00+00,Baltimore,303,4672,0,2
299,2020/12/26 15:00:00+00,Baltimore City,184,3178,0,0
300,2020/12/26 15:00:00+00,Calvert,2,288,0,0
301,2020/12/26 15:00:00+00,Caroline,5,107,0,0
302,2020/12/26 15:00:00+00,Carroll,10,886,0,0
303,2020/12/26 15:00:00+00,Cecil,27,249,0,1
304,2020/12/26 15:00:00+00,Charles,16,193,0,0
305,2020/12/26 15:00:00+00,Dorchester,10,206,0,0
306,2020/12/26 15:00:00+00,Frederick,10,1003,0,4
307,2020/12/26 15:00:00+00,Harford,125,1451,0,0
308,2020/12/26 15:00:00+00,Howard,180,2061,0,0
309,2020/12/26 15:00:00+00,Kent,64,101,0,0
310,2020/12/26 15:00:00+00,Montgomery,114,3316,0,3
311,2020/12/26 15:00:00+00,Prince George's,312,1758,0,0
312,2020/12/26 15:00:00+00,Queen Anne's,11,222,0,0
313,2020/12/26 15:00:00+00,St. Mary's,2,241,0,0
314,2020/12/26 15:00:00+00,Talbot,9,149,0,0
315,2020/12/26 15:00:00+00,Unknown,59,1869,0,1
316,2020/12/26 15:00:00+00,Washington,1,578,0,0
317,2020/12/26 15:00:00+00,Wicomico,4,942,0,0
318,2020/12/26 15:00:00+00,Worcester,2,476,0,0
319,2020/12/27 15:00:00+00,Allegany,1,200,0,0
320,2020/12/27 15:00:00+00,Anne Arundel,98,1940,0,2
321,2020/12/27 15:00:00+00,Baltimore,316,4988,0,2
322,2020/12/27 15:00:00+00,Baltimore City,140,3318,0,0
323,2020/12/27 15:00:00+00,Calvert,9,297,0,0
324,2020/12/27 15:00:00+00,Caroline,48,155,0,0
325,2020/12/27 15:00:00+00,Carroll,25,911,0,0
326,2020/12/27 15:00:00+00,Cecil,24,273,0,1
327,2020/12/27 15:00:00+00,Charles,139,332,0,0
328,2020/12/27 15:00:00+00,Dorchester,2,208,0,0
329,2020/12/27 15:00:00+00,Frederick,159,1162,0,4
330,2020/12/27 15:00:00+00,Garrett,1,50,0,0
331,2020/12/27 15:00:00+00,Harford,55,1506,0,0
332,2020/12/27 15:00:00+00,Howard,85,2146,0,0
333,2020/12/27 15:00:00+00,Montgomery,177,3493,0,3
334,2020/12/27 15:00:00+00,Prince George's,102,1860,0,0
335,2020/12/27 15:00:00+00,Queen Anne's,2,224,0,0
336,2020/12/27 15:00:00+00,Somerset,80,169,0,0
337,2020/12/27 15:00:00+00,St. Mary's,9,250,0,0
338,2020/12/27 15:00:00+00,Talbot,20,169,0,0
339,2020/12/27 15:00:00+00,Unknown,90,1959,0,1
340,2020/12/27 15:00:00+00,Washington,109,687,0,0
341,2020/12/27 15:00:00+00,Wicomico,14,956,0,0
342,2020/12/27 15:00:00+00,Worcester,51,527,0,0
343,2020/12/28 15:00:00+00,Allegany,203,403,0,0
344,2020/12/28 15:00:00+00,Anne Arundel,599,2539,0,2
345,2020/12/28 15:00:00+00,Baltimore,1596,6584,0,2
346,2020/12/28 15:00:00+00,Baltimore City,1288,4606,0,0
347,2020/12/28 15:00:00+00,Calvert,76,373,0,0
348,2020/12/28 15:00:00+00,Caroline,17,172,0,0
349,2020/12/28 15:00:00+00,Carroll,330,1241,0,0
350,2020/12/28 15:00:00+00,Cecil,109,382,0,1
351,2020/12/28 15:00:00+00,Charles,77,409,0,0
352,2020/12/28 15:00:00+00,Dorchester,53,261,0,0
353,2020/12/28 15:00:00+00,Frederick,299,1461,0,4
354,2020/12/28 15:00:00+00,Garrett,97,147,0,0
355,2020/12/28 15:00:00+00,Harford,601,2107,0,0
356,2020/12/28 15:00:00+00,Howard,716,2862,0,0
357,2020/12/28 15:00:00+00,Kent,12,113,0,0
358,2020/12/28 15:00:00+00,Montgomery,580,4073,1,4
359,2020/12/28 15:00:00+00,Prince George's,323,2183,1,1
360,2020/12/28 15:00:00+00,Queen Anne's,54,278,0,0
361,2020/12/28 15:00:00+00,Somerset,106,275,0,0
362,2020/12/28 15:00:00+00,St. Mary's,92,342,0,0
363,2020/12/28 15:00:00+00,Talbot,110,279,0,0
364,2020/12/28 15:00:00+00,Unknown,599,2558,0,1
365,2020/12/28 15:00:00+00,Washington,265,952,0,0
366,2020/12/28 15:00:00+00,Wicomico,298,1254,0,0
367,2020/12/28 15:00:00+00,Worcester,64,591,0,0
368,2020/12/29 15:00:00+00,Allegany,155,558,0,0
369,2020/12/29 15:00:00+00,Anne Arundel,798,3337,0,2
370,2020/12/29 15:00:00+00,Baltimore,1995,8579,0,2
371,2020/12/29 15:00:00+00,Baltimore City,1198,5804,0,0
372,2020/12/29 15:00:00+00,Calvert,137,510,0,0
373,2020/12/29 15:00:00+00,Caroline,71,243,0,0
374,2020/12/29 15:00:00+00,Carroll,303,1544,0,0
375,2020/12/29 15:00:00+00,Cecil,120,502,0,1
376,2020/12/29 15:00:00+00,Charles,83,492,0,0
377,2020/12/29 15:00:00+00,Dorchester,50,311,0,0
378,2020/12/29 15:00:00+00,Frederick,489,1950,0,4
379,2020/12/29 15:00:00+00,Garrett,53,200,0,0
380,2020/12/29 15:00:00+00,Harford,523,2630,0,0
381,2020/12/29 15:00:00+00,Howard,613,3475,0,0
382,2020/12/29 15:00:00+00,Kent,60,173,0,0
383,2020/12/29 15:00:00+00,Montgomery,983,5056,0,4
384,2020/12/29 15:00:00+00,Prince George's,475,2658,0,1
385,2020/12/29 15:00:00+00,Queen Anne's,92,370,0,0
386,2020/12/29 15:00:00+00,Somerset,35,310,0,0
387,2020/12/29 15:00:00+00,St. Mary's,366,708,0,0
388,2020/12/29 15:00:00+00,Talbot,59,338,0,0
389,2020/12/29 15:00:00+00,Unknown,677,3235,0,1
390,2020/12/29 15:00:00+00,Washington,205,1157,0,0
391,2020/12/29 15:00:00+00,Wicomico,484,1738,0,0
392,2020/12/29 15:00:00+00,Worcester,256,847,0,0
393,2020/12/30 15:00:00+00,Allegany,219,777,0,0
394,2020/12/30 15:00:00+00,Anne Arundel,847,4184,0,2
395,2020/12/30 15:00:00+00,Baltimore,1750,10329,0,2
396,2020/12/30 15:00:00+00,Baltimore City,1060,6864,0,0
397,2020/12/30 15:00:00+00,Calvert,547,1057,0,0
398,2020/12/30 15:00:00+00,Caroline,403,646,0,0
399,2020/12/30 15:00:00+00,Carroll,470,2014,0,0
400,2020/12/30 15:00:00+00,Cecil,191,693,0,1
401,2020/12/30 15:00:00+00,Charles,131,623,0,0
402,2020/12/30 15:00:00+00,Dorchester,133,444,0,0
403,2020/12/30 15:00:00+00,Frederick,455,2405,0,4
404,2020/12/30 15:00:00+00,Garrett,140,340,0,0
405,2020/12/30 15:00:00+00,Harford,607,3237,0,0
406,2020/12/30 15:00:00+00,Howard,735,4210,0,0
407,2020/12/30 15:00:00+00,Kent,74,247,0,0
408,2020/12/30 15:00:00+00,Montgomery,1744,6800,1,5
409,2020/12/30 15:00:00+00,Prince George's,422,3080,0,1
410,2020/12/30 15:00:00+00,Queen Anne's,102,472,0,0
411,2020/12/30 15:00:00+00,Somerset,40,350,0,0
412,2020/12/30 15:00:00+00,St. Mary's,371,1079,0,0
413,2020/12/30 15:00:00+00,Talbot,149,487,0,0
414,2020/12/30 15:00:00+00,Unknown,834,4069,0,1
415,2020/12/30 15:00:00+00,Washington,285,1442,0,0
416,2020/12/30 15:00:00+00,Wicomico,299,2037,0,0
417,2020/12/30 15:00:00+00,Worcester,89,936,0,0
418,2020/12/31 15:00:00+00,Allegany,2,779,0,0
419,2020/12/31 15:00:00+00,Anne Arundel,538,4722,0,2
420,2020/12/31 15:00:00+00,Baltimore,1036,11365,0,2
421,2020/12/31 15:00:00+00,Baltimore City,676,7540,0,0
422,2020/12/31 15:00:00+00,Calvert,361,1418,0,0
423,2020/12/31 15:00:00+00,Caroline,57,703,0,0
424,2020/12/31 15:00:00+00,Carroll,242,2256,0,0
425,2020/12/31 15:00:00+00,Cecil,139,832,0,1
426,2020/12/31 15:00:00+00,Charles,108,731,0,0
427,2020/12/31 15:00:00+00,Dorchester,59,503,0,0
428,2020/12/31 15:00:00+00,Frederick,200,2605,0,4
429,2020/12/31 15:00:00+00,Harford,209,3446,0,0
430,2020/12/31 15:00:00+00,Howard,503,4713,0,0
431,2020/12/31 15:00:00+00,Kent,122,369,0,0
432,2020/12/31 15:00:00+00,Montgomery,1341,8141,0,5
433,2020/12/31 15:00:00+00,Prince George's,285,3365,1,2
434,2020/12/31 15:00:00+00,Queen Anne's,82,554,0,0
435,2020/12/31 15:00:00+00,Somerset,19,369,0,0
436,2020/12/31 15:00:00+00,St. Mary's,328,1407,0,0
437,2020/12/31 15:00:00+00,Talbot,71,558,0,0
438,2020/12/31 15:00:00+00,Unknown,450,4519,1,2
439,2020/12/31 15:00:00+00,Washington,186,1628,0,0
440,2020/12/31 15:00:00+00,Wicomico,197,2234,0,0
441,2020/12/31 15:00:00+00,Worcester,62,998,0,0
442,2021/01/01 15:00:00+00,Anne Arundel,203,4925,0,2
443,2021/01/01 15:00:00+00,Baltimore,236,11601,0,2
444,2021/01/01 15:00:00+00,Baltimore City,108,7648,0,0
445,2021/01/01 15:00:00+00,Calvert,3,1421,0,0
446,2021/01/01 15:00:00+00,Carroll,24,2280,0,0
447,2021/01/01 15:00:00+00,Cecil,10,842,0,1
448,2021/01/01 15:00:00+00,Charles,1,732,0,0
449,2021/01/01 15:00:00+00,Dorchester,17,520,0,0
450,2021/01/01 15:00:00+00,Frederick,44,2649,0,4
451,2021/01/01 15:00:00+00,Garrett,3,343,0,0
452,2021/01/01 15:00:00+00,Harford,104,3550,0,0
453,2021/01/01 15:00:00+00,Howard,53,4766,0,0
454,2021/01/01 15:00:00+00,Montgomery,261,8402,1,6
455,2021/01/01 15:00:00+00,Prince George's,49,3414,0,2
456,2021/01/01 15:00:00+00,Queen Anne's,1,555,0,0
457,2021/01/01 15:00:00+00,Somerset,3,372,0,0
458,2021/01/01 15:00:00+00,St. Mary's,1,1408,0,0
459,2021/01/01 15:00:00+00,Unknown,61,4580,0,2
460,2021/01/01 15:00:00+00,Washington,168,1796,0,0
461,2021/01/01 15:00:00+00,Wicomico,74,2308,0,0
462,2021/01/01 15:00:00+00,Worcester,16,1014,0,0
463,2021/01/02 15:00:00+00,Allegany,1,780,0,0
464,2021/01/02 15:00:00+00,Anne Arundel,146,5071,0,2
465,2021/01/02 15:00:00+00,Baltimore,558,12159,4,6
466,2021/01/02 15:00:00+00,Baltimore City,532,8180,11,11
467,2021/01/02 15:00:00+00,Calvert,2,1423,0,0
468,2021/01/02 15:00:00+00,Caroline,23,726,0,0
469,2021/01/02 15:00:00+00,Carroll,51,2331,0,0
470,2021/01/02 15:00:00+00,Cecil,50,892,0,1
471,2021/01/02 15:00:00+00,Charles,3,735,0,0
472,2021/01/02 15:00:00+00,Dorchester,30,550,0,0
473,2021/01/02 15:00:00+00,Frederick,31,2680,0,4
474,2021/01/02 15:00:00+00,Harford,124,3674,1,1
475,2021/01/02 15:00:00+00,Howard,173,4939,0,0
476,2021/01/02 15:00:00+00,Kent,1,370,0,0
477,2021/01/02 15:00:00+00,Montgomery,366,8768,0,6
478,2021/01/02 15:00:00+00,Prince George's,52,3466,0,2
479,2021/01/02 15:00:00+00,Queen Anne's,14,569,0,0
480,2021/01/02 15:00:00+00,Somerset,4,376,0,0
481,2021/01/02 15:00:00+00,St. Mary's,1,1409,0,0
482,2021/01/02 15:00:00+00,Talbot,45,603,0,0
483,2021/01/02 15:00:00+00,Unknown,110,4690,2,4
484,2021/01/02 15:00:00+00,Washington,17,1813,0,0
485,2021/01/02 15:00:00+00,Wicomico,160,2468,0,0
486,2021/01/02 15:00:00+00,Worcester,5,1019,0,0
487,2021/01/03 15:00:00+00,Anne Arundel,206,5277,0,2
488,2021/01/03 15:00:00+00,Baltimore,917,13076,15,21
489,2021/01/03 15:00:00+00,Baltimore City,419,8599,31,42
490,2021/01/03 15:00:00+00,Calvert,11,1434,0,0
491,2021/01/03 15:00:00+00,Caroline,4,730,0,0
492,2021/01/03 15:00:00+00,Carroll,60,2391,0,0
493,2021/01/03 15:00:00+00,Cecil,4,896,0,1
494,2021/01/03 15:00:00+00,Charles,104,839,0,0
495,2021/01/03 15:00:00+00,Dorchester,31,581,0,0
496,2021/01/03 15:00:00+00,Frederick,85,2765,2,6
497,2021/01/03 15:00:00+00,Harford,105,3779,2,3
498,2021/01/03 15:00:00+00,Howard,137,5076,3,3
499,2021/01/03 15:00:00+00,Kent,78,448,0,0
500,2021/01/03 15:00:00+00,Montgomery,374,9142,8,14
501,2021/01/03 15:00:00+00,Prince George's,262,3728,0,2
502,2021/01/03 15:00:00+00,Queen Anne's,28,597,0,0
503,2021/01/03 15:00:00+00,Somerset,1,377,0,0
504,2021/01/03 15:00:00+00,St. Mary's,8,1417,0,0
505,2021/01/03 15:00:00+00,Talbot,10,613,1,1
506,2021/01/03 15:00:00+00,Unknown,150,4840,1,5
507,2021/01/03 15:00:00+00,Washington,97,1910,0,0
508,2021/01/03 15:00:00+00,Wicomico,37,2505,0,0
509,2021/01/03 15:00:00+00,Worcester,10,1029,0,0
510,2021/01/04 15:00:00+00,Allegany,169,949,0,0
511,2021/01/04 15:00:00+00,Anne Arundel,1163,6440,11,13
512,2021/01/04 15:00:00+00,Baltimore,2010,15086,59,80
513,2021/01/04 15:00:00+00,Baltimore City,1168,9767,82,124
514,2021/01/04 15:00:00+00,Calvert,106,1540,0,0
515,2021/01/04 15:00:00+00,Caroline,107,837,0,0
516,2021/01/04 15:00:00+00,Carroll,326,2717,5,5
517,2021/01/04 15:00:00+00,Cecil,89,985,0,1
518,2021/01/04 15:00:00+00,Charles,110,949,0,0
519,2021/01/04 15:00:00+00,Dorchester,55,636,1,1
520,2021/01/04 15:00:00+00,Frederick,618,3383,2,8
521,2021/01/04 15:00:00+00,Garrett,121,464,0,0
522,2021/01/04 15:00:00+00,Harford,776,4555,10,13
523,2021/01/04 15:00:00+00,Howard,941,6017,36,39
524,2021/01/04 15:00:00+00,Kent,34,482,0,0
525,2021/01/04 15:00:00+00,Montgomery,2509,11651,19,33
526,2021/01/04 15:00:00+00,Prince George's,684,4412,0,2
527,2021/01/04 15:00:00+00,Queen Anne's,254,851,0,0
528,2021/01/04 15:00:00+00,Somerset,8,385,0,0
529,2021/01/04 15:00:00+00,St. Mary's,112,1529,0,0
530,2021/01/04 15:00:00+00,Talbot,117,730,0,1
531,2021/01/04 15:00:00+00,Unknown,738,5578,5,10
532,2021/01/04 15:00:00+00,Washington,366,2276,0,0
533,2021/01/04 15:00:00+00,Wicomico,95,2600,0,0
534,2021/01/04 15:00:00+00,Worcester,80,1109,0,0
535,2021/01/05 15:00:00+00,Allegany,157,1106,0,0
536,2021/01/05 15:00:00+00,Anne Arundel,827,7267,16,29
537,2021/01/05 15:00:00+00,Baltimore,2140,17226,88,168
538,2021/01/05 15:00:00+00,Baltimore City,1298,11065,84,208
539,2021/01/05 15:00:00+00,Calvert,80,1620,0,0
540,2021/01/05 15:00:00+00,Caroline,61,898,0,0
541,2021/01/05 15:00:00+00,Carroll,414,3131,3,8
542,2021/01/05 15:00:00+00,Cecil,269,1254,2,3
543,2021/01/05 15:00:00+00,Charles,121,1070,2,2
544,2021/01/05 15:00:00+00,Dorchester,222,858,0,1
545,2021/01/05 15:00:00+00,Frederick,769,4152,7,15
546,2021/01/05 15:00:00+00,Garrett,174,638,0,0
547,2021/01/05 15:00:00+00,Harford,729,5284,29,42
548,2021/01/05 15:00:00+00,Howard,848,6865,50,89
549,2021/01/05 15:00:00+00,Kent,89,571,0,0
550,2021/01/05 15:00:00+00,Montgomery,1123,12774,89,122
551,2021/01/05 15:00:00+00,Prince George's,444,4856,13,15
552,2021/01/05 15:00:00+00,Queen Anne's,111,962,1,1
553,2021/01/05 15:00:00+00,Somerset,17,402,0,0
554,2021/01/05 15:00:00+00,St. Mary's,169,1698,0,0
555,2021/01/05 15:00:00+00,Talbot,127,857,0,1
556,2021/01/05 15:00:00+00,Unknown,672,6250,34,44
557,2021/01/05 15:00:00+00,Washington,211,2487,0,0
558,2021/01/05 15:00:00+00,Wicomico,247,2847,0,0
559,2021/01/05 15:00:00+00,Worcester,289,1398,0,0
560,2021/01/06 15:00:00+00,Allegany,192,1298,0,0
561,2021/01/06 15:00:00+00,Anne Arundel,1156,8423,67,96
562,2021/01/06 15:00:00+00,Baltimore,2209,19435,180,348
563,2021/01/06 15:00:00+00,Baltimore City,1162,12227,190,398
564,2021/01/06 15:00:00+00,Calvert,128,1748,1,1
565,2021/01/06 15:00:00+00,Caroline,299,1197,2,2
566,2021/01/06 15:00:00+00,Carroll,781,3912,18,26
567,2021/01/06 15:00:00+00,Cecil,124,1378,2,5
568,2021/01/06 15:00:00+00,Charles,447,1517,7,9
569,2021/01/06 15:00:00+00,Dorchester,57,915,5,6
570,2021/01/06 15:00:00+00,Frederick,728,4880,6,21
571,2021/01/06 15:00:00+00,Garrett,168,806,0,0
572,2021/01/06 15:00:00+00,Harford,848,6132,73,115
573,2021/01/06 15:00:00+00,Howard,823,7688,94,183
574,2021/01/06 15:00:00+00,Kent,78,649,0,0
575,2021/01/06 15:00:00+00,Montgomery,1938,14712,35,157
576,2021/01/06 15:00:00+00,Prince George's,633,5489,12,27
577,2021/01/06 15:00:00+00,Queen Anne's,261,1223,4,5
578,2021/01/06 15:00:00+00,Somerset,86,488,0,0
579,2021/01/06 15:00:00+00,St. Mary's,266,1964,6,6
580,2021/01/06 15:00:00+00,Talbot,173,1030,2,3
581,2021/01/06 15:00:00+00,Unknown,884,7134,36,80
582,2021/01/06 15:00:00+00,Washington,484,2971,2,2
583,2021/01/06 15:00:00+00,Wicomico,251,3098,1,1
584,2021/01/06 15:00:00+00,Worcester,84,1482,0,0
585,2021/01/07 15:00:00+00,Allegany,243,1541,0,0
586,2021/01/07 15:00:00+00,Anne Arundel,1412,9835,108,204
587,2021/01/07 15:00:00+00,Baltimore,2429,21864,286,634
588,2021/01/07 15:00:00+00,Baltimore City,1283,13510,269,667
589,2021/01/07 15:00:00+00,Calvert,130,1878,3,4
590,2021/01/07 15:00:00+00,Caroline,69,1266,4,6
591,2021/01/07 15:00:00+00,Carroll,376,4288,29,55
592,2021/01/07 15:00:00+00,Cecil,270,1648,5,10
593,2021/01/07 15:00:00+00,Charles,135,1652,12,21
594,2021/01/07 15:00:00+00,Dorchester,113,1028,9,15
595,2021/01/07 15:00:00+00,Frederick,521,5401,47,68
596,2021/01/07 15:00:00+00,Garrett,130,936,0,0
597,2021/01/07 15:00:00+00,Harford,904,7036,87,202
598,2021/01/07 15:00:00+00,Howard,1111,8799,153,336
599,2021/01/07 15:00:00+00,Kent,24,673,5,5
600,2021/01/07 15:00:00+00,Montgomery,2634,17346,256,413
601,2021/01/07 15:00:00+00,Prince George's,601,6090,24,51
602,2021/01/07 15:00:00+00,Queen Anne's,111,1334,8,13
603,2021/01/07 15:00:00+00,Somerset,10,498,12,12
604,2021/01/07 15:00:00+00,St. Mary's,175,2139,8,14
605,2021/01/07 15:00:00+00,Talbot,96,1126,7,10
606,2021/01/07 15:00:00+00,Unknown,897,8031,100,180
607,2021/01/07 15:00:00+00,Washington,556,3527,3,5
608,2021/01/07 15:00:00+00,Wicomico,213,3311,98,99
609,2021/01/07 15:00:00+00,Worcester,75,1557,33,33
610,2021/01/08 15:00:00+00,Allegany,105,1646,5,5
611,2021/01/08 15:00:00+00,Anne Arundel,1590,11425,184,388
612,2021/01/08 15:00:00+00,Baltimore,2084,23948,345,979
613,2021/01/08 15:00:00+00,Baltimore City,1269,14779,299,966
614,2021/01/08 15:00:00+00,Calvert,499,2377,12,16
615,2021/01/08 15:00:00+00,Caroline,107,1373,3,9
616,2021/01/08 15:00:00+00,Carroll,732,5020,62,117
617,2021/01/08 15:00:00+00,Cecil,108,1756,6,16
618,2021/01/08 15:00:00+00,Charles,152,1804,19,40
619,2021/01/08 15:00:00+00,Dorchester,124,1152,7,22
620,2021/01/08 15:00:00+00,Frederick,419,5820,115,183
621,2021/01/08 15:00:00+00,Garrett,326,1262,0,0
622,2021/01/08 15:00:00+00,Harford,737,7773,103,305
623,2021/01/08 15:00:00+00,Howard,1039,9838,210,546
624,2021/01/08 15:00:00+00,Kent,33,706,0,5
625,2021/01/08 15:00:00+00,Montgomery,2750,20096,231,644
626,2021/01/08 15:00:00+00,Prince George's,852,6942,62,113
627,2021/01/08 15:00:00+00,Queen Anne's,331,1665,18,31
628,2021/01/08 15:00:00+00,Somerset,59,557,29,41
629,2021/01/08 15:00:00+00,St. Mary's,359,2498,26,40
630,2021/01/08 15:00:00+00,Talbot,319,1445,17,27
631,2021/01/08 15:00:00+00,Unknown,8606,16637,225,405
632,2021/01/08 15:00:00+00,Washington,441,3968,71,76
633,2021/01/08 15:00:00+00,Wicomico,237,3548,316,415
634,2021/01/08 15:00:00+00,Worcester,84,1641,151,184
635,2021/01/09 15:00:00+00,Allegany,18,1664,0,5
636,2021/01/09 15:00:00+00,Anne Arundel,298,11723,44,432
637,2021/01/09 15:00:00+00,Baltimore,336,24284,137,1116
638,2021/01/09 15:00:00+00,Baltimore City,379,15158,140,1106
639,2021/01/09 15:00:00+00,Calvert,413,2790,0,16
640,2021/01/09 15:00:00+00,Caroline,5,1378,0,9
641,2021/01/09 15:00:00+00,Carroll,57,5077,20,137
642,2021/01/09 15:00:00+00,Cecil,30,1786,0,16
643,2021/01/09 15:00:00+00,Charles,494,2298,0,40
644,2021/01/09 15:00:00+00,Dorchester,6,1158,1,23
645,2021/01/09 15:00:00+00,Frederick,332,6152,16,199
646,2021/01/09 15:00:00+00,Garrett,1,1263,0,0
647,2021/01/09 15:00:00+00,Harford,81,7854,26,331
648,2021/01/09 15:00:00+00,Howard,394,10232,103,649
649,2021/01/09 15:00:00+00,Kent,2,708,0,5
650,2021/01/09 15:00:00+00,Montgomery,710,20806,120,764
651,2021/01/09 15:00:00+00,Prince George's,314,7256,22,135
652,2021/01/09 15:00:00+00,Queen Anne's,17,1682,3,34
653,2021/01/09 15:00:00+00,Somerset,56,613,10,51
654,2021/01/09 15:00:00+00,St. Mary's,294,2792,1,41
655,2021/01/09 15:00:00+00,Talbot,6,1451,1,28
656,2021/01/09 15:00:00+00,Unknown,246,16883,59,464
657,2021/01/09 15:00:00+00,Washington,39,4007,3,79
658,2021/01/09 15:00:00+00,Wicomico,145,3693,110,525
659,2021/01/09 15:00:00+00,Worcester,84,1725,42,226
660,2021/01/10 15:00:00+00,Allegany,1,1665,0,5
661,2021/01/10 15:00:00+00,Anne Arundel,428,12151,12,444
662,2021/01/10 15:00:00+00,Baltimore,369,24653,41,1157
663,2021/01/10 15:00:00+00,Baltimore City,215,15373,63,1169
664,2021/01/10 15:00:00+00,Calvert,25,2815,0,16
665,2021/01/10 15:00:00+00,Caroline,1,1379,0,9
666,2021/01/10 15:00:00+00,Carroll,27,5104,13,150
667,2021/01/10 15:00:00+00,Cecil,3,1789,0,16
668,2021/01/10 15:00:00+00,Charles,28,2326,0,40
669,2021/01/10 15:00:00+00,Frederick,110,6262,18,217
670,2021/01/10 15:00:00+00,Garrett,1,1264,0,0
671,2021/01/10 15:00:00+00,Harford,42,7896,12,343
672,2021/01/10 15:00:00+00,Howard,119,10351,32,681
673,2021/01/10 15:00:00+00,Montgomery,588,21394,110,874
674,2021/01/10 15:00:00+00,Prince George's,464,7720,2,137
675,2021/01/10 15:00:00+00,Queen Anne's,8,1690,1,35
676,2021/01/10 15:00:00+00,St. Mary's,6,2798,0,41
677,2021/01/10 15:00:00+00,Unknown,104,16987,17,481
678,2021/01/10 15:00:00+00,Washington,9,4016,3,82
679,2021/01/10 15:00:00+00,Wicomico,1,3694,0,525
680,2021/01/10 15:00:00+00,Worcester,1,1726,0,226
681,2021/01/11 15:00:00+00,Allegany,152,1817,2,7
682,2021/01/11 15:00:00+00,Anne Arundel,1378,13529,279,723
683,2021/01/11 15:00:00+00,Baltimore,3365,28018,537,1694
684,2021/01/11 15:00:00+00,Baltimore City,1514,16887,469,1638
685,2021/01/11 15:00:00+00,Calvert,121,2936,18,34
686,2021/01/11 15:00:00+00,Caroline,33,1412,6,15
687,2021/01/11 15:00:00+00,Carroll,545,5649,107,257
688,2021/01/11 15:00:00+00,Cecil,129,1918,10,26
689,2021/01/11 15:00:00+00,Charles,75,2401,34,74
690,2021/01/11 15:00:00+00,Dorchester,25,1183,6,29
691,2021/01/11 15:00:00+00,Frederick,593,6855,207,424
692,2021/01/11 15:00:00+00,Garrett,208,1472,1,1
693,2021/01/11 15:00:00+00,Harford,706,8602,199,542
694,2021/01/11 15:00:00+00,Howard,473,10824,269,950
695,2021/01/11 15:00:00+00,Kent,14,722,12,17
696,2021/01/11 15:00:00+00,Montgomery,1695,23089,426,1300
697,2021/01/11 15:00:00+00,Prince George's,656,8376,162,299
698,2021/01/11 15:00:00+00,Queen Anne's,194,1884,29,64
699,2021/01/11 15:00:00+00,Somerset,7,620,0,51
700,2021/01/11 15:00:00+00,St. Mary's,171,2969,42,83
701,2021/01/11 15:00:00+00,Talbot,154,1605,14,42
702,2021/01/11 15:00:00+00,Unknown,522,17509,213,694
703,2021/01/11 15:00:00+00,Washington,220,4236,156,238
704,2021/01/11 15:00:00+00,Wicomico,223,3917,9,534
705,2021/01/11 15:00:00+00,Worcester,46,1772,0,226
706,2021/01/12 15:00:00+00,Allegany,373,2190,2,9
707,2021/01/12 15:00:00+00,Anne Arundel,1584,15113,394,1117
708,2021/01/12 15:00:00+00,Baltimore,3920,31938,880,2574
709,2021/01/12 15:00:00+00,Baltimore City,1639,18526,516,2154
710,2021/01/12 15:00:00+00,Calvert,235,3171,21,55
711,2021/01/12 15:00:00+00,Caroline,30,1442,13,28
712,2021/01/12 15:00:00+00,Carroll,348,5997,222,479
713,2021/01/12 15:00:00+00,Cecil,179,2097,25,51
714,2021/01/12 15:00:00+00,Charles,122,2523,47,121
715,2021/01/12 15:00:00+00,Dorchester,134,1317,12,41
716,2021/01/12 15:00:00+00,Frederick,1060,7915,269,693
717,2021/01/12 15:00:00+00,Garrett,17,1489,0,1
718,2021/01/12 15:00:00+00,Harford,691,9293,223,765
719,2021/01/12 15:00:00+00,Howard,584,11408,396,1346
720,2021/01/12 15:00:00+00,Kent,33,755,8,25
721,2021/01/12 15:00:00+00,Montgomery,2498,25587,882,2182
722,2021/01/12 15:00:00+00,Prince George's,1120,9496,483,782
723,2021/01/12 15:00:00+00,Queen Anne's,128,2012,82,146
724,2021/01/12 15:00:00+00,Somerset,16,636,2,53
725,2021/01/12 15:00:00+00,St. Mary's,363,3332,45,128
726,2021/01/12 15:00:00+00,Talbot,113,1718,27,69
727,2021/01/12 15:00:00+00,Unknown,745,18254,330,1024
728,2021/01/12 15:00:00+00,Washington,274,4510,208,446
729,2021/01/12 15:00:00+00,Wicomico,151,4068,26,560
730,2021/01/12 15:00:00+00,Worcester,255,2027,112,338
731,2021/01/13 15:00:00+00,Allegany,207,2397,1,10
732,2021/01/13 15:00:00+00,Anne Arundel,1552,16665,238,1355
733,2021/01/13 15:00:00+00,Baltimore,2998,34936,885,3459
734,2021/01/13 15:00:00+00,Baltimore City,1430,19956,369,2523
735,2021/01/13 15:00:00+00,Calvert,388,3559,17,72
736,2021/01/13 15:00:00+00,Caroline,168,1610,18,46
737,2021/01/13 15:00:00+00,Carroll,820,6817,139,618
738,2021/01/13 15:00:00+00,Cecil,497,2594,13,64
739,2021/01/13 15:00:00+00,Charles,625,3148,22,143
740,2021/01/13 15:00:00+00,Dorchester,22,1339,11,52
741,2021/01/13 15:00:00+00,Frederick,790,8705,201,894
742,2021/01/13 15:00:00+00,Garrett,182,1671,0,1
743,2021/01/13 15:00:00+00,Harford,801,10094,174,939
744,2021/01/13 15:00:00+00,Howard,1024,12432,222,1568
745,2021/01/13 15:00:00+00,Kent,97,852,2,27
746,2021/01/13 15:00:00+00,Montgomery,2273,27860,397,2579
747,2021/01/13 15:00:00+00,Prince George's,1088,10584,195,977
748,2021/01/13 15:00:00+00,Queen Anne's,253,2265,17,163
749,2021/01/13 15:00:00+00,Somerset,70,706,20,73
750,2021/01/13 15:00:00+00,St. Mary's,706,4038,34,162
751,2021/01/13 15:00:00+00,Talbot,106,1824,20,89
752,2021/01/13 15:00:00+00,Unknown,910,19164,285,1309
753,2021/01/13 15:00:00+00,Washington,530,5040,101,547
754,2021/01/13 15:00:00+00,Wicomico,174,4242,152,712
755,2021/01/13 15:00:00+00,Worcester,30,2057,57,395
756,2021/01/14 15:00:00+00,Allegany,326,2723,0,10
757,2021/01/14 15:00:00+00,Anne Arundel,1367,18032,112,1467
758,2021/01/14 15:00:00+00,Baltimore,2820,37756,380,3839
759,2021/01/14 15:00:00+00,Baltimore City,1658,21614,348,2871
760,2021/01/14 15:00:00+00,Calvert,485,4044,8,80
761,2021/01/14 15:00:00+00,Caroline,79,1689,5,51
762,2021/01/14 15:00:00+00,Carroll,666,7483,53,671
763,2021/01/14 15:00:00+00,Cecil,273,2867,2,66
764,2021/01/14 15:00:00+00,Charles,139,3287,23,166
765,2021/01/14 15:00:00+00,Dorchester,163,1502,4,56
766,2021/01/14 15:00:00+00,Frederick,1124,9829,18,912
767,2021/01/14 15:00:00+00,Garrett,16,1687,0,1
768,2021/01/14 15:00:00+00,Harford,827,10921,106,1045
769,2021/01/14 15:00:00+00,Howard,1055,13487,116,1684
770,2021/01/14 15:00:00+00,Kent,13,865,3,30
771,2021/01/14 15:00:00+00,Montgomery,2272,30132,151,2730
772,2021/01/14 15:00:00+00,Prince George's,946,11530,152,1129
773,2021/01/14 15:00:00+00,Queen Anne's,80,2345,14,177
774,2021/01/14 15:00:00+00,Somerset,22,728,10,83
775,2021/01/14 15:00:00+00,St. Mary's,735,4773,12,174
776,2021/01/14 15:00:00+00,Talbot,187,2011,9,98
777,2021/01/14 15:00:00+00,Unknown,794,19958,119,1428
778,2021/01/14 15:00:00+00,Washington,555,5595,13,560
779,2021/01/14 15:00:00+00,Wicomico,465,4707,99,811
780,2021/01/14 15:00:00+00,Worcester,127,2184,30,425
781,2021/01/15 15:00:00+00,Allegany,306,3029,0,10
782,2021/01/15 15:00:00+00,Anne Arundel,1629,19661,84,1551
783,2021/01/15 15:00:00+00,Baltimore,2073,39829,242,4081
784,2021/01/15 15:00:00+00,Baltimore City,1321,22935,156,3027
785,2021/01/15 15:00:00+00,Calvert,620,4664,72,152
786,2021/01/15 15:00:00+00,Caroline,105,1794,4,55
787,2021/01/15 15:00:00+00,Carroll,919,8402,126,797
788,2021/01/15 15:00:00+00,Cecil,357,3224,8,74
789,2021/01/15 15:00:00+00,Charles,565,3852,16,182
790,2021/01/15 15:00:00+00,Dorchester,265,1767,39,95
791,2021/01/15 15:00:00+00,Frederick,1094,10923,14,926
792,2021/01/15 15:00:00+00,Garrett,211,1898,0,1
793,2021/01/15 15:00:00+00,Harford,618,11539,203,1248
794,2021/01/15 15:00:00+00,Howard,1024,14511,135,1819
795,2021/01/15 15:00:00+00,Kent,27,892,2,32
796,2021/01/15 15:00:00+00,Montgomery,2571,32703,249,2979
797,2021/01/15 15:00:00+00,Prince George's,1455,12985,214,1343
798,2021/01/15 15:00:00+00,Queen Anne's,398,2743,8,185
799,2021/01/15 15:00:00+00,Somerset,60,788,1,84
800,2021/01/15 15:00:00+00,St. Mary's,788,5561,29,203
801,2021/01/15 15:00:00+00,Talbot,412,2423,3,101
802,2021/01/15 15:00:00+00,Unknown,836,20794,89,1517
803,2021/01/15 15:00:00+00,Washington,419,6014,7,567
804,2021/01/15 15:00:00+00,Wicomico,548,5255,10,821
805,2021/01/15 15:00:00+00,Worcester,185,2369,4,429
806,2021/01/16 15:00:00+00,Allegany,7,3036,0,10
807,2021/01/16 15:00:00+00,Anne Arundel,507,20168,129,1680
808,2021/01/16 15:00:00+00,Baltimore,664,40493,238,4319
809,2021/01/16 15:00:00+00,Baltimore City,413,23348,285,3312
810,2021/01/16 15:00:00+00,Calvert,54,4718,1,153
811,2021/01/16 15:00:00+00,Caroline,3,1797,3,58
812,2021/01/16 15:00:00+00,Carroll,192,8594,17,814
813,2021/01/16 15:00:00+00,Cecil,8,3232,2,76
814,2021/01/16 15:00:00+00,Charles,43,3895,18,200
815,2021/01/16 15:00:00+00,Dorchester,8,1775,2,97
816,2021/01/16 15:00:00+00,Frederick,460,11383,4,930
817,2021/01/16 15:00:00+00,Garrett,74,1972,0,1
818,2021/01/16 15:00:00+00,Harford,106,11645,25,1273
819,2021/01/16 15:00:00+00,Howard,476,14987,130,1949
820,2021/01/16 15:00:00+00,Kent,30,922,53,85
821,2021/01/16 15:00:00+00,Montgomery,389,33092,45,3024
822,2021/01/16 15:00:00+00,Prince George's,532,13517,263,1606
823,2021/01/16 15:00:00+00,Queen Anne's,21,2764,12,197
824,2021/01/16 15:00:00+00,Somerset,5,793,0,84
825,2021/01/16 15:00:00+00,St. Mary's,601,6162,11,214
826,2021/01/16 15:00:00+00,Talbot,11,2434,3,104
827,2021/01/16 15:00:00+00,Unknown,203,20997,42,1559
828,2021/01/16 15:00:00+00,Washington,37,6051,0,567
829,2021/01/16 15:00:00+00,Wicomico,45,5300,1,822
830,2021/01/16 15:00:00+00,Worcester,680,3049,1,430
831,2021/01/17 15:00:00+00,Allegany,2,3038,0,10
832,2021/01/17 15:00:00+00,Anne Arundel,353,20521,42,1722
833,2021/01/17 15:00:00+00,Baltimore,428,40921,279,4598
834,2021/01/17 15:00:00+00,Baltimore City,176,23524,213,3525
835,2021/01/17 15:00:00+00,Calvert,7,4725,5,158
836,2021/01/17 15:00:00+00,Caroline,44,1841,42,100
837,2021/01/17 15:00:00+00,Carroll,25,8619,10,824
838,2021/01/17 15:00:00+00,Cecil,60,3292,20,96
839,2021/01/17 15:00:00+00,Charles,46,3941,118,318
840,2021/01/17 15:00:00+00,Dorchester,2,1777,3,100
841,2021/01/17 15:00:00+00,Frederick,69,11452,102,1032
842,2021/01/17 15:00:00+00,Garrett,0,1972,1,2
843,2021/01/17 15:00:00+00,Harford,42,11687,40,1313
844,2021/01/17 15:00:00+00,Howard,72,15059,41,1990
845,2021/01/17 15:00:00+00,Kent,2,924,0,85
846,2021/01/17 15:00:00+00,Montgomery,275,33367,61,3085
847,2021/01/17 15:00:00+00,Prince George's,181,13698,42,1648
848,2021/01/17 15:00:00+00,Queen Anne's,11,2775,2,199
849,2021/01/17 15:00:00+00,Somerset,38,831,76,160
850,2021/01/17 15:00:00+00,St. Mary's,4,6166,6,220
851,2021/01/17 15:00:00+00,Talbot,1,2435,8,112
852,2021/01/17 15:00:00+00,Unknown,116,21113,64,1623
853,2021/01/17 15:00:00+00,Washington,35,6086,73,640
854,2021/01/17 15:00:00+00,Wicomico,5,5305,13,835
855,2021/01/17 15:00:00+00,Worcester,12,3061,42,472
856,2021/01/18 15:00:00+00,Allegany,3,3041,18,28
857,2021/01/18 15:00:00+00,Anne Arundel,1669,22190,283,2005
858,2021/01/18 15:00:00+00,Baltimore,862,41783,256,4854
859,2021/01/18 15:00:00+00,Baltimore City,699,24223,190,3715
860,2021/01/18 15:00:00+00,Calvert,28,4753,22,180
861,2021/01/18 15:00:00+00,Caroline,16,1857,7,107
862,2021/01/18 15:00:00+00,Carroll,134,8753,34,858
863,2021/01/18 15:00:00+00,Cecil,51,3343,41,137
864,2021/01/18 15:00:00+00,Charles,44,3985,11,329
865,2021/01/18 15:00:00+00,Dorchester,10,1787,15,115
866,2021/01/18 15:00:00+00,Frederick,198,11650,214,1246
867,2021/01/18 15:00:00+00,Garrett,0,1972,1,3
868,2021/01/18 15:00:00+00,Harford,319,12006,114,1427
869,2021/01/18 15:00:00+00,Howard,634,15693,228,2218
870,2021/01/18 15:00:00+00,Kent,10,934,1,86
871,2021/01/18 15:00:00+00,Montgomery,403,33770,554,3639
872,2021/01/18 15:00:00+00,Prince George's,700,14398,152,1800
873,2021/01/18 15:00:00+00,Queen Anne's,38,2813,29,228
874,2021/01/18 15:00:00+00,Somerset,31,862,74,234
875,2021/01/18 15:00:00+00,St. Mary's,382,6548,29,249
876,2021/01/18 15:00:00+00,Talbot,52,2487,59,171
877,2021/01/18 15:00:00+00,Unknown,155,21268,230,1853
878,2021/01/18 15:00:00+00,Washington,10,6096,239,879
879,2021/01/18 15:00:00+00,Wicomico,548,5853,19,854
880,2021/01/18 15:00:00+00,Worcester,94,3155,7,479
881,2021/01/19 15:00:00+00,Allegany,320,3361,82,110
882,2021/01/19 15:00:00+00,Anne Arundel,2136,24326,495,2500
883,2021/01/19 15:00:00+00,Baltimore,3363,45146,973,5827
884,2021/01/19 15:00:00+00,Baltimore City,1279,25502,674,4389
885,2021/01/19 15:00:00+00,Calvert,97,4850,48,228
886,2021/01/19 15:00:00+00,Caroline,37,1894,3,110
887,2021/01/19 15:00:00+00,Carroll,221,8974,81,939
888,2021/01/19 15:00:00+00,Cecil,423,3766,24,161
889,2021/01/19 15:00:00+00,Charles,65,4050,12,341
890,2021/01/19 15:00:00+00,Dorchester,214,2001,6,121
891,2021/01/19 15:00:00+00,Frederick,644,12294,161,1407
892,2021/01/19 15:00:00+00,Garrett,64,2036,12,15
893,2021/01/19 15:00:00+00,Harford,874,12880,203,1630
894,2021/01/19 15:00:00+00,Howard,879,16572,267,2485
895,2021/01/19 15:00:00+00,Kent,71,1005,1,87
896,2021/01/19 15:00:00+00,Montgomery,2570,36340,417,4056
897,2021/01/19 15:00:00+00,Prince George's,680,15078,251,2051
898,2021/01/19 15:00:00+00,Queen Anne's,144,2957,22,250
899,2021/01/19 15:00:00+00,Somerset,37,899,10,244
900,2021/01/19 15:00:00+00,St. Mary's,34,6582,30,279
901,2021/01/19 15:00:00+00,Talbot,129,2616,6,177
902,2021/01/19 15:00:00+00,Unknown,433,21701,287,2140
903,2021/01/19 15:00:00+00,Washington,366,6462,142,1021
904,2021/01/19 15:00:00+00,Wicomico,416,6269,150,1004
905,2021/01/19 15:00:00+00,Worcester,583,3738,95,574
906,2021/01/20 15:00:00+00,Allegany,306,3667,163,273
907,2021/01/20 15:00:00+00,Anne Arundel,2060,26386,470,2970
908,2021/01/20 15:00:00+00,Baltimore,3791,48937,816,6643
909,2021/01/20 15:00:00+00,Baltimore City,1654,27156,579,4968
910,2021/01/20 15:00:00+00,Calvert,435,5285,101,329
911,2021/01/20 15:00:00+00,Caroline,376,2270,28,138
912,2021/01/20 15:00:00+00,Carroll,779,9753,113,1052
913,2021/01/20 15:00:00+00,Cecil,349,4115,49,210
914,2021/01/20 15:00:00+00,Charles,1282,5332,17,358
915,2021/01/20 15:00:00+00,Dorchester,57,2058,77,198
916,2021/01/20 15:00:00+00,Frederick,1136,13430,267,1674
917,2021/01/20 15:00:00+00,Garrett,7,2043,15,30
918,2021/01/20 15:00:00+00,Harford,900,13780,169,1799
919,2021/01/20 15:00:00+00,Howard,564,17136,292,2777
920,2021/01/20 15:00:00+00,Kent,100,1105,46,133
921,2021/01/20 15:00:00+00,Montgomery,3414,39754,482,4538
922,2021/01/20 15:00:00+00,Prince George's,842,15920,280,2331
923,2021/01/20 15:00:00+00,Queen Anne's,149,3106,41,291
924,2021/01/20 15:00:00+00,Somerset,229,1128,1,245
925,2021/01/20 15:00:00+00,St. Mary's,199,6781,35,314
926,2021/01/20 15:00:00+00,Talbot,269,2885,26,203
927,2021/01/20 15:00:00+00,Unknown,452,22153,366,2506
928,2021/01/20 15:00:00+00,Washington,524,6986,279,1300
929,2021/01/20 15:00:00+00,Wicomico,372,6641,25,1029
930,2021/01/20 15:00:00+00,Worcester,180,3918,7,581
931,2021/01/21 15:00:00+00,Allegany,658,4325,2,275
932,2021/01/21 15:00:00+00,Anne Arundel,2186,28572,386,3356
933,2021/01/21 15:00:00+00,Baltimore,3696,52633,689,7332
934,2021/01/21 15:00:00+00,Baltimore City,1774,28930,571,5539
935,2021/01/21 15:00:00+00,Calvert,694,5979,23,352
936,2021/01/21 15:00:00+00,Caroline,113,2383,8,146
937,2021/01/21 15:00:00+00,Carroll,733,10486,99,1151
938,2021/01/21 15:00:00+00,Cecil,675,4790,30,240
939,2021/01/21 15:00:00+00,Charles,167,5499,14,372
940,2021/01/21 15:00:00+00,Dorchester,222,2280,23,221
941,2021/01/21 15:00:00+00,Frederick,1206,14636,67,1741
942,2021/01/21 15:00:00+00,Garrett,26,2069,10,40
943,2021/01/21 15:00:00+00,Harford,985,14765,171,1970
944,2021/01/21 15:00:00+00,Howard,1279,18415,254,3031
945,2021/01/21 15:00:00+00,Kent,125,1230,2,135
946,2021/01/21 15:00:00+00,Montgomery,3417,43171,192,4730
947,2021/01/21 15:00:00+00,Prince George's,1406,17326,140,2471
948,2021/01/21 15:00:00+00,Queen Anne's,119,3225,23,314
949,2021/01/21 15:00:00+00,Somerset,70,1198,1,246
950,2021/01/21 15:00:00+00,St. Mary's,343,7124,10,324
951,2021/01/21 15:00:00+00,Talbot,192,3077,8,211
952,2021/01/21 15:00:00+00,Unknown,632,22785,192,2698
953,2021/01/21 15:00:00+00,Washington,729,7715,131,1431
954,2021/01/21 15:00:00+00,Wicomico,727,7368,52,1081
955,2021/01/21 15:00:00+00,Worcester,530,4448,14,595
956,2021/01/22 15:00:00+00,Allegany,377,4702,2,277
957,2021/01/22 15:00:00+00,Anne Arundel,2155,30727,331,3687
958,2021/01/22 15:00:00+00,Baltimore,4617,57250,576,7908
959,2021/01/22 15:00:00+00,Baltimore City,2246,31176,397,5936
960,2021/01/22 15:00:00+00,Calvert,725,6704,42,394
961,2021/01/22 15:00:00+00,Caroline,191,2574,29,175
962,2021/01/22 15:00:00+00,Carroll,680,11166,52,1203
963,2021/01/22 15:00:00+00,Cecil,407,5197,33,273
964,2021/01/22 15:00:00+00,Charles,167,5666,13,385
965,2021/01/22 15:00:00+00,Dorchester,230,2510,19,240
966,2021/01/22 15:00:00+00,Frederick,1638,16274,42,1783
967,2021/01/22 15:00:00+00,Garrett,422,2491,15,55
968,2021/01/22 15:00:00+00,Harford,1458,16223,172,2142
969,2021/01/22 15:00:00+00,Howard,1598,20013,219,3250
970,2021/01/22 15:00:00+00,Kent,70,1300,3,138
971,2021/01/22 15:00:00+00,Montgomery,4963,48134,587,5317
972,2021/01/22 15:00:00+00,Prince George's,1981,19307,107,2578
973,2021/01/22 15:00:00+00,Queen Anne's,573,3798,15,329
974,2021/01/22 15:00:00+00,Somerset,206,1404,3,249
975,2021/01/22 15:00:00+00,St. Mary's,481,7605,121,445
976,2021/01/22 15:00:00+00,Talbot,797,3874,23,234
977,2021/01/22 15:00:00+00,Unknown,787,23572,134,2832
978,2021/01/22 15:00:00+00,Washington,628,8343,102,1533
979,2021/01/22 15:00:00+00,Wicomico,501,7869,95,1176
980,2021/01/22 15:00:00+00,Worcester,224,4672,14,609
981,2021/01/23 15:00:00+00,Allegany,65,4767,0,277
982,2021/01/23 15:00:00+00,Anne Arundel,667,31394,77,3764
983,2021/01/23 15:00:00+00,Baltimore,1228,58478,260,8168
984,2021/01/23 15:00:00+00,Baltimore City,805,31981,202,6138
985,2021/01/23 15:00:00+00,Calvert,51,6755,0,394
986,2021/01/23 15:00:00+00,Caroline,7,2581,15,190
987,2021/01/23 15:00:00+00,Carroll,79,11245,16,1219
988,2021/01/23 15:00:00+00,Cecil,99,5296,18,291
989,2021/01/23 15:00:00+00,Charles,939,6605,7,392
990,2021/01/23 15:00:00+00,Dorchester,0,2510,25,265
991,2021/01/23 15:00:00+00,Frederick,451,16725,11,1794
992,2021/01/23 15:00:00+00,Garrett,7,2498,0,55
993,2021/01/23 15:00:00+00,Harford,308,16531,44,2186
994,2021/01/23 15:00:00+00,Howard,435,20448,64,3314
995,2021/01/23 15:00:00+00,Kent,7,1307,0,138
996,2021/01/23 15:00:00+00,Montgomery,1860,49994,338,5655
997,2021/01/23 15:00:00+00,Prince George's,781,20088,47,2625
998,2021/01/23 15:00:00+00,Queen Anne's,14,3812,11,340
999,2021/01/23 15:00:00+00,Somerset,155,1559,2,251
1000,2021/01/23 15:00:00+00,St. Mary's,506,8111,1,446
1001,2021/01/23 15:00:00+00,Talbot,25,3899,46,280
1002,2021/01/23 15:00:00+00,Unknown,345,23917,75,2907
1003,2021/01/23 15:00:00+00,Washington,71,8414,3,1536
1004,2021/01/23 15:00:00+00,Wicomico,228,8097,98,1274
1005,2021/01/23 15:00:00+00,Worcester,232,4904,5,614
1006,2021/01/24 15:00:00+00,Allegany,31,4798,1,278
1007,2021/01/24 15:00:00+00,Anne Arundel,519,31913,51,3815
1008,2021/01/24 15:00:00+00,Baltimore,291,58769,508,8676
1009,2021/01/24 15:00:00+00,Baltimore City,267,32248,146,6284
1010,2021/01/24 15:00:00+00,Calvert,4,6759,6,400
1011,2021/01/24 15:00:00+00,Caroline,1,2582,1,191
1012,2021/01/24 15:00:00+00,Carroll,68,11313,40,1259
1013,2021/01/24 15:00:00+00,Cecil,3,5299,3,294
1014,2021/01/24 15:00:00+00,Charles,38,6643,8,400
1015,2021/01/24 15:00:00+00,Dorchester,0,2510,2,267
1016,2021/01/24 15:00:00+00,Frederick,79,16804,111,1905
1017,2021/01/24 15:00:00+00,Garrett,1,2499,0,55
1018,2021/01/24 15:00:00+00,Harford,322,16853,48,2234
1019,2021/01/24 15:00:00+00,Howard,61,20509,43,3357
1020,2021/01/24 15:00:00+00,Kent,188,1495,55,193
1021,2021/01/24 15:00:00+00,Montgomery,700,50694,141,5796
1022,2021/01/24 15:00:00+00,Prince George's,299,20387,181,2806
1023,2021/01/24 15:00:00+00,Queen Anne's,9,3821,17,357
1024,2021/01/24 15:00:00+00,Somerset,3,1562,2,253
1025,2021/01/24 15:00:00+00,St. Mary's,0,8111,1,447
1026,2021/01/24 15:00:00+00,Talbot,1,3900,3,283
1027,2021/01/24 15:00:00+00,Unknown,164,24081,71,2978
1028,2021/01/24 15:00:00+00,Washington,137,8551,60,1596
1029,2021/01/24 15:00:00+00,Wicomico,18,8115,29,1303
1030,2021/01/24 15:00:00+00,Worcester,3,4907,4,618
1031,2021/01/25 15:00:00+00,Allegany,333,5131,198,476
1032,2021/01/25 15:00:00+00,Anne Arundel,1517,33430,938,4753
1033,2021/01/25 15:00:00+00,Baltimore,3123,61892,1619,10295
1034,2021/01/25 15:00:00+00,Baltimore City,1433,33681,778,7062
1035,2021/01/25 15:00:00+00,Calvert,54,6813,78,478
1036,2021/01/25 15:00:00+00,Caroline,49,2631,29,220
1037,2021/01/25 15:00:00+00,Carroll,254,11567,278,1537
1038,2021/01/25 15:00:00+00,Cecil,293,5592,95,389
1039,2021/01/25 15:00:00+00,Charles,155,6798,46,446
1040,2021/01/25 15:00:00+00,Dorchester,79,2589,36,303
1041,2021/01/25 15:00:00+00,Frederick,571,17375,320,2225
1042,2021/01/25 15:00:00+00,Garrett,124,2623,90,145
1043,2021/01/25 15:00:00+00,Harford,939,17792,388,2622
1044,2021/01/25 15:00:00+00,Howard,1123,21632,420,3777
1045,2021/01/25 15:00:00+00,Kent,206,1701,5,198
1046,2021/01/25 15:00:00+00,Montgomery,2540,53234,905,6701
1047,2021/01/25 15:00:00+00,Prince George's,1164,21551,378,3184
1048,2021/01/25 15:00:00+00,Queen Anne's,70,3891,37,394
1049,2021/01/25 15:00:00+00,Somerset,22,1584,16,269
1050,2021/01/25 15:00:00+00,St. Mary's,40,8151,57,504
1051,2021/01/25 15:00:00+00,Talbot,135,4035,50,333
1052,2021/01/25 15:00:00+00,Unknown,616,24697,603,3581
1053,2021/01/25 15:00:00+00,Washington,595,9146,324,1920
1054,2021/01/25 15:00:00+00,Wicomico,403,8518,274,1577
1055,2021/01/25 15:00:00+00,Worcester,197,5104,51,669
1056,2021/01/26 15:00:00+00,Allegany,67,5198,92,568
1057,2021/01/26 15:00:00+00,Anne Arundel,1525,34955,861,5614
1058,2021/01/26 15:00:00+00,Baltimore,2461,64353,1720,12015
1059,2021/01/26 15:00:00+00,Baltimore City,1554,35235,801,7863
1060,2021/01/26 15:00:00+00,Calvert,60,6873,93,571
1061,2021/01/26 15:00:00+00,Caroline,113,2744,91,311
1062,2021/01/26 15:00:00+00,Carroll,249,11816,364,1901
1063,2021/01/26 15:00:00+00,Cecil,666,6258,258,647
1064,2021/01/26 15:00:00+00,Charles,181,6979,53,499
1065,2021/01/26 15:00:00+00,Dorchester,112,2701,139,442
1066,2021/01/26 15:00:00+00,Frederick,585,17960,341,2566
1067,2021/01/26 15:00:00+00,Garrett,48,2671,5,150
1068,2021/01/26 15:00:00+00,Harford,846,18638,447,3069
1069,2021/01/26 15:00:00+00,Howard,696,22328,391,4168
1070,2021/01/26 15:00:00+00,Kent,116,1817,58,256
1071,2021/01/26 15:00:00+00,Montgomery,3409,56643,543,7244
1072,2021/01/26 15:00:00+00,Prince George's,1853,23404,212,3396
1073,2021/01/26 15:00:00+00,Queen Anne's,171,4062,111,505
1074,2021/01/26 15:00:00+00,Somerset,16,1600,23,292
1075,2021/01/26 15:00:00+00,St. Mary's,503,8654,403,907
1076,2021/01/26 15:00:00+00,Talbot,146,4181,59,392
1077,2021/01/26 15:00:00+00,Unknown,569,25266,478,4059
1078,2021/01/26 15:00:00+00,Washington,513,9659,191,2111
1079,2021/01/26 15:00:00+00,Wicomico,238,8756,302,1879
1080,2021/01/26 15:00:00+00,Worcester,439,5543,136,805
1081,2021/01/27 15:00:00+00,Allegany,416,5614,253,821
1082,2021/01/27 15:00:00+00,Anne Arundel,1847,36802,931,6545
1083,2021/01/27 15:00:00+00,Baltimore,3961,68314,1805,13820
1084,2021/01/27 15:00:00+00,Baltimore City,1804,37039,1016,8879
1085,2021/01/27 15:00:00+00,Calvert,120,6993,398,969
1086,2021/01/27 15:00:00+00,Caroline,109,2853,193,504
1087,2021/01/27 15:00:00+00,Carroll,1036,12852,449,2350
1088,2021/01/27 15:00:00+00,Cecil,358,6616,97,744
1089,2021/01/27 15:00:00+00,Charles,1309,8288,149,648
1090,2021/01/27 15:00:00+00,Dorchester,46,2747,53,495
1091,2021/01/27 15:00:00+00,Frederick,1498,19458,530,3096
1092,2021/01/27 15:00:00+00,Garrett,93,2764,251,401
1093,2021/01/27 15:00:00+00,Harford,1372,20010,716,3785
1094,2021/01/27 15:00:00+00,Howard,1445,23773,550,4718
1095,2021/01/27 15:00:00+00,Kent,279,2096,5,261
1096,2021/01/27 15:00:00+00,Montgomery,3396,60039,1694,8938
1097,2021/01/27 15:00:00+00,Prince George's,2172,25576,448,3844
1098,2021/01/27 15:00:00+00,Queen Anne's,187,4249,82,587
1099,2021/01/27 15:00:00+00,Somerset,177,1777,38,330
1100,2021/01/27 15:00:00+00,St. Mary's,514,9168,379,1286
1101,2021/01/27 15:00:00+00,Talbot,107,4288,83,475
1102,2021/01/27 15:00:00+00,Unknown,482,25748,831,4890
1103,2021/01/27 15:00:00+00,Washington,523,10182,456,2567
1104,2021/01/27 15:00:00+00,Wicomico,247,9003,299,2178
1105,2021/01/27 15:00:00+00,Worcester,285,5828,92,897
1106,2021/01/28 15:00:00+00,Allegany,821,6435,4,825
1107,2021/01/28 15:00:00+00,Anne Arundel,1727,38529,736,7281
1108,2021/01/28 15:00:00+00,Baltimore,2574,70888,1382,15202
1109,2021/01/28 15:00:00+00,Baltimore City,1716,38755,724,9603
1110,2021/01/28 15:00:00+00,Calvert,504,7497,335,1304
1111,2021/01/28 15:00:00+00,Caroline,274,3127,104,608
1112,2021/01/28 15:00:00+00,Carroll,726,13578,254,2604
1113,2021/01/28 15:00:00+00,Cecil,605,7221,141,885
1114,2021/01/28 15:00:00+00,Charles,224,8512,126,774
1115,2021/01/28 15:00:00+00,Dorchester,57,2804,71,566
1116,2021/01/28 15:00:00+00,Frederick,853,20311,417,3513
1117,2021/01/28 15:00:00+00,Garrett,81,2845,46,447
1118,2021/01/28 15:00:00+00,Harford,1079,21089,365,4150
1119,2021/01/28 15:00:00+00,Howard,1689,25462,642,5360
1120,2021/01/28 15:00:00+00,Kent,91,2187,119,380
1121,2021/01/28 15:00:00+00,Montgomery,3796,63835,1366,10304
1122,2021/01/28 15:00:00+00,Prince George's,2131,27707,334,4178
1123,2021/01/28 15:00:00+00,Queen Anne's,177,4426,87,674
1124,2021/01/28 15:00:00+00,Somerset,14,1791,17,347
1125,2021/01/28 15:00:00+00,St. Mary's,1089,10257,276,1562
1126,2021/01/28 15:00:00+00,Talbot,87,4375,65,540
1127,2021/01/28 15:00:00+00,Unknown,558,26306,545,5435
1128,2021/01/28 15:00:00+00,Washington,556,10738,387,2954
1129,2021/01/28 15:00:00+00,Wicomico,223,9226,155,2333
1130,2021/01/28 15:00:00+00,Worcester,183,6011,52,949
1131,2021/01/29 15:00:00+00,Allegany,860,7295,25,850
1132,2021/01/29 15:00:00+00,Anne Arundel,1682,40211,911,8192
1133,2021/01/29 15:00:00+00,Baltimore,2310,73198,1321,16523
1134,2021/01/29 15:00:00+00,Baltimore City,1927,40682,843,10446
1135,2021/01/29 15:00:00+00,Calvert,869,8366,144,1448
1136,2021/01/29 15:00:00+00,Caroline,184,3311,125,733
1137,2021/01/29 15:00:00+00,Carroll,497,14075,149,2753
1138,2021/01/29 15:00:00+00,Cecil,469,7690,50,935
1139,2021/01/29 15:00:00+00,Charles,149,8661,99,873
1140,2021/01/29 15:00:00+00,Dorchester,117,2921,48,614
1141,2021/01/29 15:00:00+00,Frederick,1386,21697,89,3602
1142,2021/01/29 15:00:00+00,Garrett,398,3243,47,494
1143,2021/01/29 15:00:00+00,Harford,1279,22368,279,4429
1144,2021/01/29 15:00:00+00,Howard,1940,27402,426,5786
1145,2021/01/29 15:00:00+00,Kent,167,2354,10,390
1146,2021/01/29 15:00:00+00,Montgomery,4340,68175,772,11076
1147,2021/01/29 15:00:00+00,Prince George's,1746,29453,239,4417
1148,2021/01/29 15:00:00+00,Queen Anne's,118,4544,51,725
1149,2021/01/29 15:00:00+00,Somerset,203,1994,13,360
1150,2021/01/29 15:00:00+00,St. Mary's,459,10716,375,1937
1151,2021/01/29 15:00:00+00,Talbot,344,4719,50,590
1152,2021/01/29 15:00:00+00,Unknown,616,26922,351,5786
1153,2021/01/29 15:00:00+00,Washington,496,11234,8,2962
1154,2021/01/29 15:00:00+00,Wicomico,420,9646,152,2485
1155,2021/01/29 15:00:00+00,Worcester,412,6423,33,982
1156,2021/01/30 15:00:00+00,Allegany,5,7300,0,850
1157,2021/01/30 15:00:00+00,Anne Arundel,1088,41299,100,8292
1158,2021/01/30 15:00:00+00,Baltimore,3302,76500,412,16935
1159,2021/01/30 15:00:00+00,Baltimore City,1007,41689,361,10807
1160,2021/01/30 15:00:00+00,Calvert,484,8850,17,1465
1161,2021/01/30 15:00:00+00,Caroline,5,3316,5,738
1162,2021/01/30 15:00:00+00,Carroll,437,14512,65,2818
1163,2021/01/30 15:00:00+00,Cecil,356,8046,30,965
1164,2021/01/30 15:00:00+00,Charles,86,8747,15,888
1165,2021/01/30 15:00:00+00,Dorchester,9,2930,3,617
1166,2021/01/30 15:00:00+00,Frederick,1071,22768,189,3791
1167,2021/01/30 15:00:00+00,Garrett,10,3253,0,494
1168,2021/01/30 15:00:00+00,Harford,583,22951,96,4525
1169,2021/01/30 15:00:00+00,Howard,2961,30363,178,5964
1170,2021/01/30 15:00:00+00,Kent,15,2369,0,390
1171,2021/01/30 15:00:00+00,Montgomery,2677,70852,222,11298
1172,2021/01/30 15:00:00+00,Prince George's,1294,30747,53,4470
1173,2021/01/30 15:00:00+00,Queen Anne's,21,4565,2,727
1174,2021/01/30 15:00:00+00,Somerset,20,2014,51,411
1175,2021/01/30 15:00:00+00,St. Mary's,730,11446,181,2118
1176,2021/01/30 15:00:00+00,Talbot,9,4728,6,596
1177,2021/01/30 15:00:00+00,Unknown,339,27261,105,5891
1178,2021/01/30 15:00:00+00,Washington,43,11277,30,2992
1179,2021/01/30 15:00:00+00,Wicomico,443,10089,75,2560
1180,2021/01/30 15:00:00+00,Worcester,181,6604,19,1001
1181,2021/01/31 15:00:00+00,Allegany,1,7301,0,850
1182,2021/01/31 15:00:00+00,Anne Arundel,404,41703,297,8589
1183,2021/01/31 15:00:00+00,Baltimore,560,77060,211,17146
1184,2021/01/31 15:00:00+00,Baltimore City,357,42046,210,11017
1185,2021/01/31 15:00:00+00,Calvert,20,8870,5,1470
1186,2021/01/31 15:00:00+00,Caroline,1,3317,1,739
1187,2021/01/31 15:00:00+00,Carroll,23,14535,13,2831
1188,2021/01/31 15:00:00+00,Cecil,14,8060,1,966
1189,2021/01/31 15:00:00+00,Charles,39,8786,1,889
1190,2021/01/31 15:00:00+00,Dorchester,5,2935,0,617
1191,2021/01/31 15:00:00+00,Frederick,27,22795,3,3794
1192,2021/01/31 15:00:00+00,Garrett,20,3273,1,495
1193,2021/01/31 15:00:00+00,Harford,129,23080,17,4542
1194,2021/01/31 15:00:00+00,Howard,124,30487,41,6005
1195,2021/01/31 15:00:00+00,Kent,2,2371,0,390
1196,2021/01/31 15:00:00+00,Montgomery,1043,71895,121,11419
1197,2021/01/31 15:00:00+00,Prince George's,651,31398,162,4632
1198,2021/01/31 15:00:00+00,Queen Anne's,4,4569,3,730
1199,2021/01/31 15:00:00+00,St. Mary's,3,11449,0,2118
1200,2021/01/31 15:00:00+00,Talbot,40,4768,0,596
1201,2021/01/31 15:00:00+00,Unknown,141,27402,31,5922
1202,2021/01/31 15:00:00+00,Washington,2,11279,1,2993
1203,2021/01/31 15:00:00+00,Wicomico,6,10095,37,2597
1204,2021/01/31 15:00:00+00,Worcester,3,6607,0,1001
1205,2021/02/01 15:00:00+00,Allegany,24,7325,103,953
1206,2021/02/01 15:00:00+00,Anne Arundel,694,42397,287,8876
1207,2021/02/01 15:00:00+00,Baltimore,1310,78370,917,18063
1208,2021/02/01 15:00:00+00,Baltimore City,248,42294,485,11502
1209,2021/02/01 15:00:00+00,Calvert,37,8907,18,1488
1210,2021/02/01 15:00:00+00,Caroline,12,3329,11,750
1211,2021/02/01 15:00:00+00,Carroll,263,14798,266,3097
1212,2021/02/01 15:00:00+00,Cecil,18,8078,2,968
1213,2021/02/01 15:00:00+00,Charles,41,8827,62,951
1214,2021/02/01 15:00:00+00,Dorchester,85,3020,9,626
1215,2021/02/01 15:00:00+00,Frederick,91,22886,61,3855
1216,2021/02/01 15:00:00+00,Garrett,31,3304,48,543
1217,2021/02/01 15:00:00+00,Harford,136,23216,224,4766
1218,2021/02/01 15:00:00+00,Howard,149,30636,191,6196
1219,2021/02/01 15:00:00+00,Kent,0,2371,7,397
1220,2021/02/01 15:00:00+00,Montgomery,983,72878,369,11788
1221,2021/02/01 15:00:00+00,Prince George's,484,31882,318,4950
1222,2021/02/01 15:00:00+00,Queen Anne's,23,4592,169,899
1223,2021/02/01 15:00:00+00,Somerset,27,2041,1,412
1224,2021/02/01 15:00:00+00,St. Mary's,17,11466,115,2233
1225,2021/02/01 15:00:00+00,Talbot,34,4802,34,630
1226,2021/02/01 15:00:00+00,Unknown,220,27622,180,6102
1227,2021/02/01 15:00:00+00,Washington,410,11689,9,3002
1228,2021/02/01 15:00:00+00,Wicomico,610,10705,17,2614
1229,2021/02/01 15:00:00+00,Worcester,198,6805,4,1005
1230,2021/02/02 15:00:00+00,Allegany,396,7721,302,1255
1231,2021/02/02 15:00:00+00,Anne Arundel,1235,43632,1440,10316
1232,2021/02/02 15:00:00+00,Baltimore,1093,79463,2414,20477
1233,2021/02/02 15:00:00+00,Baltimore City,740,43034,1381,12883
1234,2021/02/02 15:00:00+00,Calvert,57,8964,124,1612
1235,2021/02/02 15:00:00+00,Caroline,138,3467,81,831
1236,2021/02/02 15:00:00+00,Carroll,194,14992,238,3335
1237,2021/02/02 15:00:00+00,Cecil,33,8111,129,1097
1238,2021/02/02 15:00:00+00,Charles,113,8940,113,1064
1239,2021/02/02 15:00:00+00,Dorchester,115,3135,128,754
1240,2021/02/02 15:00:00+00,Frederick,605,23491,658,4513
1241,2021/02/02 15:00:00+00,Garrett,43,3347,41,584
1242,2021/02/02 15:00:00+00,Harford,294,23510,572,5338
1243,2021/02/02 15:00:00+00,Howard,462,31098,584,6780
1244,2021/02/02 15:00:00+00,Kent,9,2380,34,431
1245,2021/02/02 15:00:00+00,Montgomery,3008,75886,1921,13709
1246,2021/02/02 15:00:00+00,Prince George's,1238,33120,927,5877
1247,2021/02/02 15:00:00+00,Queen Anne's,53,4645,144,1043
1248,2021/02/02 15:00:00+00,Somerset,13,2054,17,429
1249,2021/02/02 15:00:00+00,St. Mary's,58,11524,263,2496
1250,2021/02/02 15:00:00+00,Talbot,112,4914,72,702
1251,2021/02/02 15:00:00+00,Unknown,293,27915,700,6802
1252,2021/02/02 15:00:00+00,Washington,706,12395,43,3045
1253,2021/02/02 15:00:00+00,Wicomico,283,10988,274,2888
1254,2021/02/02 15:00:00+00,Worcester,225,7030,346,1351
1255,2021/02/03 15:00:00+00,Allegany,48,7769,189,1444
1256,2021/02/03 15:00:00+00,Anne Arundel,1424,45056,2064,12380
1257,2021/02/03 15:00:00+00,Baltimore,1657,81120,3804,24281
1258,2021/02/03 15:00:00+00,Baltimore City,1412,44446,1614,14497
1259,2021/02/03 15:00:00+00,Calvert,460,9424,163,1775
1260,2021/02/03 15:00:00+00,Caroline,107,3574,113,944
1261,2021/02/03 15:00:00+00,Carroll,455,15447,1121,4456
1262,2021/02/03 15:00:00+00,Cecil,97,8208,160,1257
1263,2021/02/03 15:00:00+00,Charles,154,9094,154,1218
1264,2021/02/03 15:00:00+00,Dorchester,56,3191,40,794
1265,2021/02/03 15:00:00+00,Frederick,1826,25317,460,4973
1266,2021/02/03 15:00:00+00,Garrett,89,3436,183,767
1267,2021/02/03 15:00:00+00,Harford,654,24164,1018,6356
1268,2021/02/03 15:00:00+00,Howard,970,32068,1689,8469
1269,2021/02/03 15:00:00+00,Kent,183,2563,22,453
1270,2021/02/03 15:00:00+00,Montgomery,2987,78873,1479,15188
1271,2021/02/03 15:00:00+00,Prince George's,1819,34939,749,6626
1272,2021/02/03 15:00:00+00,Queen Anne's,223,4868,263,1306
1273,2021/02/03 15:00:00+00,Somerset,125,2179,78,507
1274,2021/02/03 15:00:00+00,St. Mary's,514,12038,623,3119
1275,2021/02/03 15:00:00+00,Talbot,93,5007,207,909
1276,2021/02/03 15:00:00+00,Unknown,541,28456,819,7621
1277,2021/02/03 15:00:00+00,Washington,415,12810,254,3299
1278,2021/02/03 15:00:00+00,Wicomico,487,11475,170,3058
1279,2021/02/03 15:00:00+00,Worcester,247,7277,78,1429
1280,2021/02/04 15:00:00+00,Allegany,129,7898,283,1727
1281,2021/02/04 15:00:00+00,Anne Arundel,1507,46563,1886,14266
1282,2021/02/04 15:00:00+00,Baltimore,2825,83945,2448,26729
1283,2021/02/04 15:00:00+00,Baltimore City,1353,45799,1597,16094
1284,2021/02/04 15:00:00+00,Calvert,903,10327,150,1925
1285,2021/02/04 15:00:00+00,Caroline,178,3752,133,1077
1286,2021/02/04 15:00:00+00,Carroll,791,16238,377,4833
1287,2021/02/04 15:00:00+00,Cecil,67,8275,347,1604
1288,2021/02/04 15:00:00+00,Charles,985,10079,103,1321
1289,2021/02/04 15:00:00+00,Dorchester,129,3320,105,899
1290,2021/02/04 15:00:00+00,Frederick,1082,26399,587,5560
1291,2021/02/04 15:00:00+00,Garrett,33,3469,36,803
1292,2021/02/04 15:00:00+00,Harford,669,24833,862,7218
1293,2021/02/04 15:00:00+00,Howard,1353,33421,1004,9473
1294,2021/02/04 15:00:00+00,Kent,87,2650,141,594
1295,2021/02/04 15:00:00+00,Montgomery,3826,82699,2057,17245
1296,2021/02/04 15:00:00+00,Prince George's,1819,36758,645,7271
1297,2021/02/04 15:00:00+00,Queen Anne's,144,5012,187,1493
1298,2021/02/04 15:00:00+00,Somerset,19,2198,15,522
1299,2021/02/04 15:00:00+00,St. Mary's,570,12608,536,3655
1300,2021/02/04 15:00:00+00,Talbot,143,5150,106,1015
1301,2021/02/04 15:00:00+00,Unknown,626,29082,721,8342
1302,2021/02/04 15:00:00+00,Washington,1215,14025,141,3440
1303,2021/02/04 15:00:00+00,Wicomico,597,12072,350,3408
1304,2021/02/04 15:00:00+00,Worcester,255,7532,112,1541
1305,2021/02/05 15:00:00+00,Allegany,195,8093,98,1825
1306,2021/02/05 15:00:00+00,Anne Arundel,1382,47945,1477,15743
1307,2021/02/05 15:00:00+00,Baltimore,3443,87388,2377,29106
1308,2021/02/05 15:00:00+00,Baltimore City,1406,47205,1157,17251
1309,2021/02/05 15:00:00+00,Calvert,404,10731,538,2463
1310,2021/02/05 15:00:00+00,Caroline,64,3816,200,1277
1311,2021/02/05 15:00:00+00,Carroll,305,16543,1043,5876
1312,2021/02/05 15:00:00+00,Cecil,329,8604,81,1685
1313,2021/02/05 15:00:00+00,Charles,131,10210,184,1505
1314,2021/02/05 15:00:00+00,Dorchester,59,3379,136,1035
1315,2021/02/05 15:00:00+00,Frederick,604,27003,429,5989
1316,2021/02/05 15:00:00+00,Garrett,104,3573,350,1153
1317,2021/02/05 15:00:00+00,Harford,603,25436,747,7965
1318,2021/02/05 15:00:00+00,Howard,1453,34874,922,10395
1319,2021/02/05 15:00:00+00,Kent,244,2894,31,625
1320,2021/02/05 15:00:00+00,Montgomery,4039,86738,2479,19724
1321,2021/02/05 15:00:00+00,Prince George's,1598,38356,1337,8608
1322,2021/02/05 15:00:00+00,Queen Anne's,363,5375,307,1800
1323,2021/02/05 15:00:00+00,Somerset,113,2311,69,591
1324,2021/02/05 15:00:00+00,St. Mary's,491,13099,567,4222
1325,2021/02/05 15:00:00+00,Talbot,362,5512,334,1349
1326,2021/02/05 15:00:00+00,Unknown,510,29592,628,8970
1327,2021/02/05 15:00:00+00,Washington,948,14973,443,3883
1328,2021/02/05 15:00:00+00,Wicomico,249,12321,368,3776
1329,2021/02/05 15:00:00+00,Worcester,152,7684,141,1682
1330,2021/02/06 15:00:00+00,Allegany,4,8097,2,1827
1331,2021/02/06 15:00:00+00,Anne Arundel,769,48714,949,16692
1332,2021/02/06 15:00:00+00,Baltimore,3199,90587,613,29719
1333,2021/02/06 15:00:00+00,Baltimore City,971,48176,403,17654
1334,2021/02/06 15:00:00+00,Calvert,71,10802,417,2880
1335,2021/02/06 15:00:00+00,Caroline,8,3824,2,1279
1336,2021/02/06 15:00:00+00,Carroll,174,16717,52,5928
1337,2021/02/06 15:00:00+00,Cecil,298,8902,50,1735
1338,2021/02/06 15:00:00+00,Charles,137,10347,791,2296
1339,2021/02/06 15:00:00+00,Dorchester,3,3382,3,1038
1340,2021/02/06 15:00:00+00,Frederick,170,27173,161,6150
1341,2021/02/06 15:00:00+00,Garrett,13,3586,1,1154
1342,2021/02/06 15:00:00+00,Harford,538,25974,89,8054
1343,2021/02/06 15:00:00+00,Howard,792,35666,419,10814
1344,2021/02/06 15:00:00+00,Kent,20,2914,13,638
1345,2021/02/06 15:00:00+00,Montgomery,1964,88702,248,19972
1346,2021/02/06 15:00:00+00,Prince George's,1086,39442,480,9088
1347,2021/02/06 15:00:00+00,Queen Anne's,57,5432,27,1827
1348,2021/02/06 15:00:00+00,Somerset,8,2319,0,591
1349,2021/02/06 15:00:00+00,St. Mary's,36,13135,981,5203
1350,2021/02/06 15:00:00+00,Talbot,23,5535,11,1360
1351,2021/02/06 15:00:00+00,Unknown,344,29936,189,9159
1352,2021/02/06 15:00:00+00,Washington,10,14983,16,3899
1353,2021/02/06 15:00:00+00,Wicomico,74,12395,19,3795
1354,2021/02/06 15:00:00+00,Worcester,149,7833,53,1735
1355,2021/02/07 15:00:00+00,Allegany,3,8100,0,1827
1356,2021/02/07 15:00:00+00,Anne Arundel,290,49004,76,16768
1357,2021/02/07 15:00:00+00,Baltimore,1379,91966,237,29956
1358,2021/02/07 15:00:00+00,Baltimore City,696,48872,187,17841
1359,2021/02/07 15:00:00+00,Calvert,27,10829,8,2888
1360,2021/02/07 15:00:00+00,Caroline,1,3825,38,1317
1361,2021/02/07 15:00:00+00,Carroll,69,16786,13,5941
1362,2021/02/07 15:00:00+00,Cecil,10,8912,48,1783
1363,2021/02/07 15:00:00+00,Charles,74,10421,36,2332
1364,2021/02/07 15:00:00+00,Dorchester,1,3383,2,1040
1365,2021/02/07 15:00:00+00,Frederick,88,27261,60,6210
1366,2021/02/07 15:00:00+00,Garrett,18,3604,0,1154
1367,2021/02/07 15:00:00+00,Harford,95,26069,139,8193
1368,2021/02/07 15:00:00+00,Howard,710,36376,54,10868
1369,2021/02/07 15:00:00+00,Montgomery,1045,89747,132,20104
1370,2021/02/07 15:00:00+00,Prince George's,814,40256,177,9265
1371,2021/02/07 15:00:00+00,Queen Anne's,19,5451,9,1836
1372,2021/02/07 15:00:00+00,Somerset,8,2327,28,619
1373,2021/02/07 15:00:00+00,St. Mary's,36,13171,145,5348
1374,2021/02/07 15:00:00+00,Talbot,11,5546,3,1363
1375,2021/02/07 15:00:00+00,Unknown,199,30135,65,9224
1376,2021/02/07 15:00:00+00,Washington,14,14997,33,3932
1377,2021/02/07 15:00:00+00,Wicomico,70,12465,4,3799
1378,2021/02/07 15:00:00+00,Worcester,7,7840,11,1746
1379,2021/02/08 15:00:00+00,Allegany,54,8154,126,1953
1380,2021/02/08 15:00:00+00,Anne Arundel,1325,50329,1231,17999
1381,2021/02/08 15:00:00+00,Baltimore,1881,93847,2791,32747
1382,2021/02/08 15:00:00+00,Baltimore City,1089,49961,1068,18909
1383,2021/02/08 15:00:00+00,Calvert,61,10890,99,2987
1384,2021/02/08 15:00:00+00,Caroline,20,3845,26,1343
1385,2021/02/08 15:00:00+00,Carroll,153,16939,264,6205
1386,2021/02/08 15:00:00+00,Cecil,37,8949,95,1878
1387,2021/02/08 15:00:00+00,Charles,99,10520,76,2408
1388,2021/02/08 15:00:00+00,Dorchester,89,3472,26,1066
1389,2021/02/08 15:00:00+00,Frederick,185,27446,508,6718
1390,2021/02/08 15:00:00+00,Garrett,184,3788,207,1361
1391,2021/02/08 15:00:00+00,Harford,254,26323,787,8980
1392,2021/02/08 15:00:00+00,Howard,645,37021,501,11369
1393,2021/02/08 15:00:00+00,Kent,315,3229,5,643
1394,2021/02/08 15:00:00+00,Montgomery,2706,92453,2211,22315
1395,2021/02/08 15:00:00+00,Prince George's,1499,41755,900,10165
1396,2021/02/08 15:00:00+00,Queen Anne's,55,5506,38,1874
1397,2021/02/08 15:00:00+00,Somerset,24,2351,32,651
1398,2021/02/08 15:00:00+00,St. Mary's,20,13191,32,5380
1399,2021/02/08 15:00:00+00,Talbot,63,5609,167,1530
1400,2021/02/08 15:00:00+00,Unknown,375,30510,492,9716
1401,2021/02/08 15:00:00+00,Washington,783,15780,211,4143
1402,2021/02/08 15:00:00+00,Wicomico,169,12634,332,4131
1403,2021/02/08 15:00:00+00,Worcester,134,7974,56,1802
1404,2021/02/09 15:00:00+00,Allegany,199,8353,154,2107
1405,2021/02/09 15:00:00+00,Anne Arundel,1034,51363,600,18599
1406,2021/02/09 15:00:00+00,Baltimore,1574,95421,2653,35400
1407,2021/02/09 15:00:00+00,Baltimore City,1084,51045,1145,20054
1408,2021/02/09 15:00:00+00,Calvert,77,10967,246,3233
1409,2021/02/09 15:00:00+00,Caroline,24,3869,20,1363
1410,2021/02/09 15:00:00+00,Carroll,814,17753,245,6450
1411,2021/02/09 15:00:00+00,Cecil,449,9398,210,2088
1412,2021/02/09 15:00:00+00,Charles,740,11260,94,2502
1413,2021/02/09 15:00:00+00,Dorchester,112,3584,142,1208
1414,2021/02/09 15:00:00+00,Frederick,646,28092,606,7324
1415,2021/02/09 15:00:00+00,Garrett,158,3946,3,1364
1416,2021/02/09 15:00:00+00,Harford,424,26747,710,9690
1417,2021/02/09 15:00:00+00,Howard,1098,38119,412,11781
1418,2021/02/09 15:00:00+00,Kent,76,3305,40,683
1419,2021/02/09 15:00:00+00,Montgomery,3551,96004,2502,24817
1420,2021/02/09 15:00:00+00,Prince George's,1433,43188,919,11084
1421,2021/02/09 15:00:00+00,Queen Anne's,193,5699,69,1943
1422,2021/02/09 15:00:00+00,Somerset,15,2366,21,672
1423,2021/02/09 15:00:00+00,St. Mary's,407,13598,804,6184
1424,2021/02/09 15:00:00+00,Talbot,148,5757,134,1664
1425,2021/02/09 15:00:00+00,Unknown,543,31053,514,10230
1426,2021/02/09 15:00:00+00,Washington,373,16153,254,4397
1427,2021/02/09 15:00:00+00,Wicomico,187,12821,168,4299
1428,2021/02/09 15:00:00+00,Worcester,382,8356,251,2053
1429,2021/02/10 15:00:00+00,Allegany,148,8501,202,2309
1430,2021/02/10 15:00:00+00,Anne Arundel,1571,52934,1720,20319
1431,2021/02/10 15:00:00+00,Baltimore,2222,97643,3021,38421
1432,2021/02/10 15:00:00+00,Baltimore City,1379,52424,1372,21426
1433,2021/02/10 15:00:00+00,Calvert,264,11231,479,3712
1434,2021/02/10 15:00:00+00,Caroline,140,4009,126,1489
1435,2021/02/10 15:00:00+00,Carroll,932,18685,746,7196
1436,2021/02/10 15:00:00+00,Cecil,346,9744,483,2571
1437,2021/02/10 15:00:00+00,Charles,195,11455,582,3084
1438,2021/02/10 15:00:00+00,Dorchester,73,3657,29,1237
1439,2021/02/10 15:00:00+00,Frederick,562,28654,1037,8361
1440,2021/02/10 15:00:00+00,Garrett,204,4150,162,1526
1441,2021/02/10 15:00:00+00,Harford,806,27553,1336,11026
1442,2021/02/10 15:00:00+00,Howard,1527,39646,973,12754
1443,2021/02/10 15:00:00+00,Kent,536,3841,52,735
1444,2021/02/10 15:00:00+00,Montgomery,3054,99058,3817,28634
1445,2021/02/10 15:00:00+00,Prince George's,1861,45049,1136,12220
1446,2021/02/10 15:00:00+00,Queen Anne's,180,5879,230,2173
1447,2021/02/10 15:00:00+00,Somerset,137,2503,65,737
1448,2021/02/10 15:00:00+00,St. Mary's,419,14017,993,7177
1449,2021/02/10 15:00:00+00,Talbot,176,5933,244,1908
1450,2021/02/10 15:00:00+00,Unknown,549,31602,764,10994
1451,2021/02/10 15:00:00+00,Washington,511,16664,304,4701
1452,2021/02/10 15:00:00+00,Wicomico,515,13336,348,4647
1453,2021/02/10 15:00:00+00,Worcester,243,8599,87,2140
1454,2021/02/11 15:00:00+00,Allegany,85,8586,4,2313
1455,2021/02/11 15:00:00+00,Anne Arundel,3144,56078,1652,21971
1456,2021/02/11 15:00:00+00,Baltimore,3023,100666,3124,41545
1457,2021/02/11 15:00:00+00,Baltimore City,1218,53642,1278,22704
1458,2021/02/11 15:00:00+00,Calvert,223,11454,97,3809
1459,2021/02/11 15:00:00+00,Caroline,50,4059,26,1515
1460,2021/02/11 15:00:00+00,Carroll,576,19261,639,7835
1461,2021/02/11 15:00:00+00,Cecil,186,9930,198,2769
1462,2021/02/11 15:00:00+00,Charles,1305,12760,125,3209
1463,2021/02/11 15:00:00+00,Dorchester,108,3765,158,1395
1464,2021/02/11 15:00:00+00,Frederick,564,29218,1210,9571
1465,2021/02/11 15:00:00+00,Garrett,42,4192,3,1529
1466,2021/02/11 15:00:00+00,Harford,825,28378,473,11499
1467,2021/02/11 15:00:00+00,Howard,1475,41121,686,13440
1468,2021/02/11 15:00:00+00,Kent,32,3873,16,751
1469,2021/02/11 15:00:00+00,Montgomery,4847,103905,3501,32135
1470,2021/02/11 15:00:00+00,Prince George's,2131,47180,1354,13574
1471,2021/02/11 15:00:00+00,Queen Anne's,183,6062,55,2228
1472,2021/02/11 15:00:00+00,Somerset,34,2537,53,790
1473,2021/02/11 15:00:00+00,St. Mary's,100,14117,32,7209
1474,2021/02/11 15:00:00+00,Talbot,211,6144,73,1981
1475,2021/02/11 15:00:00+00,Unknown,660,32262,670,11664
1476,2021/02/11 15:00:00+00,Washington,504,17168,505,5206
1477,2021/02/11 15:00:00+00,Wicomico,460,13796,450,5097
1478,2021/02/11 15:00:00+00,Worcester,365,8964,149,2289
1479,2021/02/12 15:00:00+00,Allegany,340,8926,537,2850
1480,2021/02/12 15:00:00+00,Anne Arundel,2207,58285,1772,23743
1481,2021/02/12 15:00:00+00,Baltimore,2786,103452,2103,43648
1482,2021/02/12 15:00:00+00,Baltimore City,1449,55091,1474,24178
1483,2021/02/12 15:00:00+00,Calvert,156,11610,484,4293
1484,2021/02/12 15:00:00+00,Caroline,35,4094,38,1553
1485,2021/02/12 15:00:00+00,Carroll,481,19742,605,8440
1486,2021/02/12 15:00:00+00,Cecil,74,10004,352,3121
1487,2021/02/12 15:00:00+00,Charles,249,13009,485,3694
1488,2021/02/12 15:00:00+00,Dorchester,80,3845,167,1562
1489,2021/02/12 15:00:00+00,Frederick,830,30048,1558,11129
1490,2021/02/12 15:00:00+00,Garrett,157,4349,232,1761
1491,2021/02/12 15:00:00+00,Harford,675,29053,579,12078
1492,2021/02/12 15:00:00+00,Howard,1771,42892,981,14421
1493,2021/02/12 15:00:00+00,Kent,21,3894,23,774
1494,2021/02/12 15:00:00+00,Montgomery,4485,108390,3670,35805
1495,2021/02/12 15:00:00+00,Prince George's,2137,49317,1696,15270
1496,2021/02/12 15:00:00+00,Queen Anne's,337,6399,405,2633
1497,2021/02/12 15:00:00+00,Somerset,16,2553,2,792
1498,2021/02/12 15:00:00+00,St. Mary's,46,14163,99,7308
1499,2021/02/12 15:00:00+00,Talbot,121,6265,149,2130
1500,2021/02/12 15:00:00+00,Unknown,680,32942,852,12516
1501,2021/02/12 15:00:00+00,Washington,374,17542,451,5657
1502,2021/02/12 15:00:00+00,Wicomico,81,13877,40,5137
1503,2021/02/12 15:00:00+00,Worcester,93,9057,96,2385
1504,2021/02/13 15:00:00+00,Allegany,46,8972,70,2920
1505,2021/02/13 15:00:00+00,Anne Arundel,673,58958,1272,25015
1506,2021/02/13 15:00:00+00,Baltimore,3128,106580,706,44354
1507,2021/02/13 15:00:00+00,Baltimore City,1390,56481,609,24787
1508,2021/02/13 15:00:00+00,Calvert,38,11648,8,4301
1509,2021/02/13 15:00:00+00,Carroll,193,19935,79,8519
1510,2021/02/13 15:00:00+00,Cecil,273,10277,8,3129
1511,2021/02/13 15:00:00+00,Charles,60,13069,8,3702
1512,2021/02/13 15:00:00+00,Dorchester,1,3846,3,1565
1513,2021/02/13 15:00:00+00,Frederick,649,30697,704,11833
1514,2021/02/13 15:00:00+00,Garrett,29,4378,80,1841
1515,2021/02/13 15:00:00+00,Harford,195,29248,68,12146
1516,2021/02/13 15:00:00+00,Howard,778,43670,511,14932
1517,2021/02/13 15:00:00+00,Kent,2,3896,3,777
1518,2021/02/13 15:00:00+00,Montgomery,1791,110181,568,36373
1519,2021/02/13 15:00:00+00,Prince George's,1101,50418,224,15494
1520,2021/02/13 15:00:00+00,Queen Anne's,32,6431,19,2652
1521,2021/02/13 15:00:00+00,Somerset,1,2554,6,798
1522,2021/02/13 15:00:00+00,St. Mary's,11,14174,4,7312
1523,2021/02/13 15:00:00+00,Talbot,18,6283,7,2137
1524,2021/02/13 15:00:00+00,Unknown,239,33181,163,12679
1525,2021/02/13 15:00:00+00,Washington,20,17562,41,5698
1526,2021/02/13 15:00:00+00,Wicomico,11,13888,41,5178
1527,2021/02/13 15:00:00+00,Worcester,49,9106,655,3040
1528,2021/02/14 15:00:00+00,Allegany,5,8977,18,2938
1529,2021/02/14 15:00:00+00,Anne Arundel,792,59750,624,25639
1530,2021/02/14 15:00:00+00,Baltimore,646,107226,214,44568
1531,2021/02/14 15:00:00+00,Baltimore City,170,56651,112,24899
1532,2021/02/14 15:00:00+00,Calvert,86,11734,6,4307
1533,2021/02/14 15:00:00+00,Caroline,3,4097,6,1559
1534,2021/02/14 15:00:00+00,Carroll,131,20066,14,8533
1535,2021/02/14 15:00:00+00,Cecil,5,10282,1,3130
1536,2021/02/14 15:00:00+00,Charles,120,13189,9,3711
1537,2021/02/14 15:00:00+00,Dorchester,2,3848,2,1567
1538,2021/02/14 15:00:00+00,Frederick,246,30943,18,11851
1539,2021/02/14 15:00:00+00,Garrett,14,4392,0,1841
1540,2021/02/14 15:00:00+00,Harford,169,29417,15,12161
1541,2021/02/14 15:00:00+00,Howard,580,44250,73,15005
1542,2021/02/14 15:00:00+00,Kent,1,3897,3,780
1543,2021/02/14 15:00:00+00,Montgomery,1857,112038,277,36650
1544,2021/02/14 15:00:00+00,Prince George's,1439,51857,179,15673
1545,2021/02/14 15:00:00+00,Queen Anne's,40,6471,13,2665
1546,2021/02/14 15:00:00+00,Somerset,0,2554,1,799
1547,2021/02/14 15:00:00+00,St. Mary's,26,14200,3,7315
1548,2021/02/14 15:00:00+00,Talbot,13,6296,19,2156
1549,2021/02/14 15:00:00+00,Unknown,363,33544,109,12788
1550,2021/02/14 15:00:00+00,Washington,41,17603,138,5836
1551,2021/02/14 15:00:00+00,Wicomico,15,13903,0,5178
1552,2021/02/14 15:00:00+00,Worcester,39,9145,0,3040
1553,2021/02/15 15:00:00+00,Allegany,36,9013,28,2966
1554,2021/02/15 15:00:00+00,Anne Arundel,1918,61668,432,26071
1555,2021/02/15 15:00:00+00,Baltimore,1261,108487,3268,47836
1556,2021/02/15 15:00:00+00,Baltimore City,829,57480,1017,25916
1557,2021/02/15 15:00:00+00,Calvert,147,11881,16,4323
1558,2021/02/15 15:00:00+00,Caroline,3,4100,6,1565
1559,2021/02/15 15:00:00+00,Carroll,234,20300,264,8797
1560,2021/02/15 15:00:00+00,Cecil,253,10535,75,3205
1561,2021/02/15 15:00:00+00,Charles,223,13412,56,3767
1562,2021/02/15 15:00:00+00,Dorchester,6,3854,5,1572
1563,2021/02/15 15:00:00+00,Frederick,397,31340,794,12645
1564,2021/02/15 15:00:00+00,Garrett,4,4396,0,1841
1565,2021/02/15 15:00:00+00,Harford,377,29794,622,12783
1566,2021/02/15 15:00:00+00,Howard,869,45119,1029,16034
1567,2021/02/15 15:00:00+00,Kent,89,3986,181,961
1568,2021/02/15 15:00:00+00,Montgomery,2013,114051,1770,38420
1569,2021/02/15 15:00:00+00,Prince George's,1402,53259,490,16163
1570,2021/02/15 15:00:00+00,Queen Anne's,66,6537,28,2693
1571,2021/02/15 15:00:00+00,Somerset,2,2556,17,816
1572,2021/02/15 15:00:00+00,St. Mary's,220,14420,8,7323
1573,2021/02/15 15:00:00+00,Talbot,29,6325,79,2235
1574,2021/02/15 15:00:00+00,Unknown,403,33947,437,13225
1575,2021/02/15 15:00:00+00,Washington,251,17854,381,6217
1576,2021/02/15 15:00:00+00,Wicomico,34,13937,424,5602
1577,2021/02/15 15:00:00+00,Worcester,47,9192,83,3123
1578,2021/02/16 15:00:00+00,Allegany,119,9132,293,3259
1579,2021/02/16 15:00:00+00,Anne Arundel,2189,63857,1271,27342
1580,2021/02/16 15:00:00+00,Baltimore,1593,110080,4294,52130
1581,2021/02/16 15:00:00+00,Baltimore City,1341,58821,1888,27804
1582,2021/02/16 15:00:00+00,Calvert,115,11996,378,4701
1583,2021/02/16 15:00:00+00,Caroline,9,4109,35,1600
1584,2021/02/16 15:00:00+00,Carroll,497,20797,454,9251
1585,2021/02/16 15:00:00+00,Cecil,246,10781,492,3697
1586,2021/02/16 15:00:00+00,Charles,200,13612,151,3918
1587,2021/02/16 15:00:00+00,Dorchester,48,3902,262,1834
1588,2021/02/16 15:00:00+00,Frederick,642,31982,904,13549
1589,2021/02/16 15:00:00+00,Garrett,41,4437,80,1921
1590,2021/02/16 15:00:00+00,Harford,370,30164,1046,13829
1591,2021/02/16 15:00:00+00,Howard,1038,46157,1107,17141
1592,2021/02/16 15:00:00+00,Kent,27,4013,51,1012
1593,2021/02/16 15:00:00+00,Montgomery,3745,117796,2613,41033
1594,2021/02/16 15:00:00+00,Prince George's,2395,55654,1399,17562
1595,2021/02/16 15:00:00+00,Queen Anne's,105,6642,116,2809
1596,2021/02/16 15:00:00+00,Somerset,36,2592,32,848
1597,2021/02/16 15:00:00+00,St. Mary's,37,14457,588,7911
1598,2021/02/16 15:00:00+00,Talbot,81,6406,138,2373
1599,2021/02/16 15:00:00+00,Unknown,600,34547,611,13836
1600,2021/02/16 15:00:00+00,Washington,401,18255,844,7061
1601,2021/02/16 15:00:00+00,Wicomico,266,14203,570,6172
1602,2021/02/16 15:00:00+00,Worcester,273,9465,603,3726
1603,2021/02/17 15:00:00+00,Allegany,62,9194,916,4175
1604,2021/02/17 15:00:00+00,Anne Arundel,3327,67184,2057,29399
1605,2021/02/17 15:00:00+00,Baltimore,1605,111685,4174,56304
1606,2021/02/17 15:00:00+00,Baltimore City,1158,59979,1882,29686
1607,2021/02/17 15:00:00+00,Calvert,307,12303,403,5104
1608,2021/02/17 15:00:00+00,Caroline,159,4268,69,1669
1609,2021/02/17 15:00:00+00,Carroll,1091,21888,953,10204
1610,2021/02/17 15:00:00+00,Cecil,195,10976,403,4100
1611,2021/02/17 15:00:00+00,Charles,211,13823,1308,5226
1612,2021/02/17 15:00:00+00,Dorchester,233,4135,56,1890
1613,2021/02/17 15:00:00+00,Frederick,726,32708,1780,15329
1614,2021/02/17 15:00:00+00,Garrett,263,4700,29,1950
1615,2021/02/17 15:00:00+00,Harford,772,30936,1560,15389
1616,2021/02/17 15:00:00+00,Howard,1943,48100,797,17938
1617,2021/02/17 15:00:00+00,Kent,200,4213,89,1101
1618,2021/02/17 15:00:00+00,Montgomery,4299,122095,3640,44673
1619,2021/02/17 15:00:00+00,Prince George's,1956,57610,1973,19535
1620,2021/02/17 15:00:00+00,Queen Anne's,204,6846,96,2905
1621,2021/02/17 15:00:00+00,Somerset,16,2608,219,1067
1622,2021/02/17 15:00:00+00,St. Mary's,57,14514,654,8565
1623,2021/02/17 15:00:00+00,Talbot,330,6736,197,2570
1624,2021/02/17 15:00:00+00,Unknown,610,35157,610,14446
1625,2021/02/17 15:00:00+00,Washington,197,18452,877,7938
1626,2021/02/17 15:00:00+00,Wicomico,337,14540,476,6648
1627,2021/02/17 15:00:00+00,Worcester,174,9639,182,3908
1628,2021/02/18 15:00:00+00,Allegany,56,9250,83,4258
1629,2021/02/18 15:00:00+00,Anne Arundel,258,67442,254,29653
1630,2021/02/18 15:00:00+00,Baltimore,360,112045,627,56931
1631,2021/02/18 15:00:00+00,Baltimore City,187,60166,232,29918
1632,2021/02/18 15:00:00+00,Calvert,24,12327,154,5258
1633,2021/02/18 15:00:00+00,Caroline,14,4282,50,1719
1634,2021/02/18 15:00:00+00,Carroll,47,21935,50,10254
1635,2021/02/18 15:00:00+00,Cecil,9,10985,11,4111
1636,2021/02/18 15:00:00+00,Charles,98,13921,118,5344
1637,2021/02/18 15:00:00+00,Dorchester,23,4158,137,2027
1638,2021/02/18 15:00:00+00,Frederick,178,32886,116,15445
1639,2021/02/18 15:00:00+00,Garrett,25,4725,16,1966
1640,2021/02/18 15:00:00+00,Harford,64,31000,162,15551
1641,2021/02/18 15:00:00+00,Howard,194,48294,117,18055
1642,2021/02/18 15:00:00+00,Kent,2,4215,4,1105
1643,2021/02/18 15:00:00+00,Montgomery,662,122757,559,45232
1644,2021/02/18 15:00:00+00,Prince George's,347,57957,177,19712
1645,2021/02/18 15:00:00+00,Queen Anne's,41,6887,9,2914
1646,2021/02/18 15:00:00+00,Somerset,95,2703,53,1120
1647,2021/02/18 15:00:00+00,St. Mary's,11,14525,31,8596
1648,2021/02/18 15:00:00+00,Talbot,53,6789,103,2673
1649,2021/02/18 15:00:00+00,Unknown,240,35397,133,14579
1650,2021/02/18 15:00:00+00,Washington,21,18473,4,7942
1651,2021/02/18 15:00:00+00,Wicomico,133,14673,457,7105
1652,2021/02/18 15:00:00+00,Worcester,89,9728,437,4345
1653,2021/02/19 15:00:00+00,Allegany,61,9311,999,5257
1654,2021/02/19 15:00:00+00,Anne Arundel,1559,69001,930,30583
1655,2021/02/19 15:00:00+00,Baltimore,1184,113229,2355,59286
1656,2021/02/19 15:00:00+00,Baltimore City,842,61008,1339,31257
1657,2021/02/19 15:00:00+00,Calvert,54,12381,324,5582
1658,2021/02/19 15:00:00+00,Caroline,44,4326,518,2237
1659,2021/02/19 15:00:00+00,Carroll,196,22131,230,10484
1660,2021/02/19 15:00:00+00,Cecil,73,11058,530,4641
1661,2021/02/19 15:00:00+00,Charles,157,14078,207,5551
1662,2021/02/19 15:00:00+00,Dorchester,43,4201,204,2231
1663,2021/02/19 15:00:00+00,Frederick,200,33086,599,16044
1664,2021/02/19 15:00:00+00,Garrett,13,4738,61,2027
1665,2021/02/19 15:00:00+00,Harford,599,31599,1134,16685
1666,2021/02/19 15:00:00+00,Howard,618,48912,613,18668
1667,2021/02/19 15:00:00+00,Kent,5,4220,42,1147
1668,2021/02/19 15:00:00+00,Montgomery,2942,125699,3305,48537
1669,2021/02/19 15:00:00+00,Prince George's,706,58663,1706,21418
1670,2021/02/19 15:00:00+00,Queen Anne's,57,6944,85,2999
1671,2021/02/19 15:00:00+00,Somerset,36,2739,214,1334
1672,2021/02/19 15:00:00+00,St. Mary's,5,14530,32,8628
1673,2021/02/19 15:00:00+00,Talbot,89,6878,642,3315
1674,2021/02/19 15:00:00+00,Unknown,435,35832,660,15239
1675,2021/02/19 15:00:00+00,Washington,35,18508,893,8835
1676,2021/02/19 15:00:00+00,Wicomico,323,14996,686,7791
1677,2021/02/19 15:00:00+00,Worcester,182,9910,202,4547
1678,2021/02/20 15:00:00+00,Allegany,18,9329,2,5259
1679,2021/02/20 15:00:00+00,Anne Arundel,797,69798,1919,32502
1680,2021/02/20 15:00:00+00,Baltimore,1113,114342,3104,62390
1681,2021/02/20 15:00:00+00,Baltimore City,922,61930,1120,32377
1682,2021/02/20 15:00:00+00,Calvert,612,12993,85,5667
1683,2021/02/20 15:00:00+00,Caroline,13,4339,28,2265
1684,2021/02/20 15:00:00+00,Carroll,146,22277,762,11246
1685,2021/02/20 15:00:00+00,Cecil,235,11293,258,4899
1686,2021/02/20 15:00:00+00,Charles,81,14159,945,6496
1687,2021/02/20 15:00:00+00,Dorchester,10,4211,6,2237
1688,2021/02/20 15:00:00+00,Frederick,194,33280,1084,17128
1689,2021/02/20 15:00:00+00,Garrett,4,4742,0,2027
1690,2021/02/20 15:00:00+00,Harford,221,31820,518,17203
1691,2021/02/20 15:00:00+00,Howard,676,49588,2971,21639
1692,2021/02/20 15:00:00+00,Kent,2,4222,18,1165
1693,2021/02/20 15:00:00+00,Montgomery,2546,128245,2533,51070
1694,2021/02/20 15:00:00+00,Prince George's,1215,59878,1570,22988
1695,2021/02/20 15:00:00+00,Queen Anne's,48,6992,70,3069
1696,2021/02/20 15:00:00+00,Somerset,35,2774,144,1478
1697,2021/02/20 15:00:00+00,St. Mary's,25,14555,1164,9792
1698,2021/02/20 15:00:00+00,Talbot,22,6900,20,3335
1699,2021/02/20 15:00:00+00,Unknown,402,36234,402,15641
1700,2021/02/20 15:00:00+00,Washington,37,18545,67,8902
1701,2021/02/20 15:00:00+00,Wicomico,366,15362,225,8016
1702,2021/02/20 15:00:00+00,Worcester,57,9967,251,4798
1703,2021/02/21 15:00:00+00,Allegany,31,9360,2,5261
1704,2021/02/21 15:00:00+00,Anne Arundel,732,70530,1021,33523
1705,2021/02/21 15:00:00+00,Baltimore,517,114859,634,63024
1706,2021/02/21 15:00:00+00,Baltimore City,199,62129,251,32628
1707,2021/02/21 15:00:00+00,Calvert,19,13012,15,5682
1708,2021/02/21 15:00:00+00,Caroline,5,4344,1,2266
1709,2021/02/21 15:00:00+00,Carroll,101,22378,92,11338
1710,2021/02/21 15:00:00+00,Cecil,9,11302,349,5248
1711,2021/02/21 15:00:00+00,Charles,67,14226,33,6529
1712,2021/02/21 15:00:00+00,Dorchester,6,4217,0,2237
1713,2021/02/21 15:00:00+00,Frederick,158,33438,1378,18506
1714,2021/02/21 15:00:00+00,Garrett,2,4744,0,2027
1715,2021/02/21 15:00:00+00,Harford,84,31904,142,17345
1716,2021/02/21 15:00:00+00,Howard,440,50028,322,21961
1717,2021/02/21 15:00:00+00,Kent,2,4224,24,1189
1718,2021/02/21 15:00:00+00,Montgomery,2514,130759,1986,53056
1719,2021/02/21 15:00:00+00,Prince George's,727,60605,638,23626
1720,2021/02/21 15:00:00+00,Queen Anne's,36,7028,19,3088
1721,2021/02/21 15:00:00+00,Somerset,1,2775,0,1478
1722,2021/02/21 15:00:00+00,St. Mary's,9,14564,2,9794
1723,2021/02/21 15:00:00+00,Talbot,17,6917,7,3342
1724,2021/02/21 15:00:00+00,Unknown,206,36440,155,15796
1725,2021/02/21 15:00:00+00,Washington,22,18567,49,8951
1726,2021/02/21 15:00:00+00,Wicomico,23,15385,1,8017
1727,2021/02/21 15:00:00+00,Worcester,15,9982,2,4800
1728,2021/02/22 15:00:00+00,Allegany,174,9534,655,5916
1729,2021/02/22 15:00:00+00,Anne Arundel,656,71186,1408,34931
1730,2021/02/22 15:00:00+00,Baltimore,850,115709,2796,65820
1731,2021/02/22 15:00:00+00,Baltimore City,445,62574,1174,33802
1732,2021/02/22 15:00:00+00,Calvert,59,13071,48,5730
1733,2021/02/22 15:00:00+00,Caroline,7,4351,31,2297
1734,2021/02/22 15:00:00+00,Carroll,307,22685,282,11620
1735,2021/02/22 15:00:00+00,Cecil,123,11425,44,5292
1736,2021/02/22 15:00:00+00,Charles,86,14312,161,6690
1737,2021/02/22 15:00:00+00,Dorchester,16,4233,21,2258
1738,2021/02/22 15:00:00+00,Frederick,335,33773,327,18833
1739,2021/02/22 15:00:00+00,Garrett,4,4748,10,2037
1740,2021/02/22 15:00:00+00,Harford,183,32087,849,18194
1741,2021/02/22 15:00:00+00,Howard,461,50489,475,22436
1742,2021/02/22 15:00:00+00,Kent,37,4261,78,1267
1743,2021/02/22 15:00:00+00,Montgomery,1923,132682,2678,55734
1744,2021/02/22 15:00:00+00,Prince George's,786,61391,1382,25008
1745,2021/02/22 15:00:00+00,Queen Anne's,44,7072,576,3664
1746,2021/02/22 15:00:00+00,Somerset,136,2911,25,1503
1747,2021/02/22 15:00:00+00,St. Mary's,665,15229,69,9863
1748,2021/02/22 15:00:00+00,Talbot,31,6948,160,3502
1749,2021/02/22 15:00:00+00,Unknown,300,36740,383,16179
1750,2021/02/22 15:00:00+00,Washington,37,18604,489,9440
1751,2021/02/22 15:00:00+00,Wicomico,56,15441,348,8365
1752,2021/02/22 15:00:00+00,Worcester,43,10025,75,4875
1753,2021/02/23 15:00:00+00,Allegany,335,9869,47,5963
1754,2021/02/23 15:00:00+00,Anne Arundel,1410,72596,1684,36615
1755,2021/02/23 15:00:00+00,Baltimore,3144,118853,1774,67594
1756,2021/02/23 15:00:00+00,Baltimore City,1373,63947,1048,34850
1757,2021/02/23 15:00:00+00,Calvert,308,13379,182,5912
1758,2021/02/23 15:00:00+00,Caroline,6,4357,56,2353
1759,2021/02/23 15:00:00+00,Carroll,834,23519,179,11799
1760,2021/02/23 15:00:00+00,Cecil,62,11487,842,6134
1761,2021/02/23 15:00:00+00,Charles,801,15113,121,6811
1762,2021/02/23 15:00:00+00,Dorchester,16,4249,78,2336
1763,2021/02/23 15:00:00+00,Frederick,429,34202,638,19471
1764,2021/02/23 15:00:00+00,Garrett,16,4764,17,2054
1765,2021/02/23 15:00:00+00,Harford,445,32532,610,18804
1766,2021/02/23 15:00:00+00,Howard,1058,51547,550,22986
1767,2021/02/23 15:00:00+00,Kent,11,4272,225,1492
1768,2021/02/23 15:00:00+00,Montgomery,2533,135215,2723,58457
1769,2021/02/23 15:00:00+00,Prince George's,1434,62825,1548,26556
1770,2021/02/23 15:00:00+00,Queen Anne's,72,7144,156,3820
1771,2021/02/23 15:00:00+00,Somerset,0,2911,18,1521
1772,2021/02/23 15:00:00+00,St. Mary's,39,15268,1075,10938
1773,2021/02/23 15:00:00+00,Talbot,40,6988,87,3589
1774,2021/02/23 15:00:00+00,Unknown,361,37101,343,16522
1775,2021/02/23 15:00:00+00,Washington,133,18737,67,9507
1776,2021/02/23 15:00:00+00,Wicomico,8,15449,453,8818
1777,2021/02/23 15:00:00+00,Worcester,22,10047,428,5303
1778,2021/02/24 15:00:00+00,Allegany,86,9955,390,6353
1779,2021/02/24 15:00:00+00,Anne Arundel,1342,73938,1692,38307
1780,2021/02/24 15:00:00+00,Baltimore,3066,121919,1785,69379
1781,2021/02/24 15:00:00+00,Baltimore City,1466,65413,1635,36485
1782,2021/02/24 15:00:00+00,Calvert,255,13634,426,6338
1783,2021/02/24 15:00:00+00,Caroline,104,4461,147,2500
1784,2021/02/24 15:00:00+00,Carroll,797,24316,970,12769
1785,2021/02/24 15:00:00+00,Cecil,128,11615,417,6551
1786,2021/02/24 15:00:00+00,Charles,185,15298,90,6901
1787,2021/02/24 15:00:00+00,Dorchester,72,4321,91,2427
1788,2021/02/24 15:00:00+00,Frederick,611,34813,2029,21500
1789,2021/02/24 15:00:00+00,Garrett,256,5020,56,2110
1790,2021/02/24 15:00:00+00,Harford,1159,33691,1027,19831
1791,2021/02/24 15:00:00+00,Howard,801,52348,1367,24353
1792,2021/02/24 15:00:00+00,Kent,70,4342,271,1763
1793,2021/02/24 15:00:00+00,Montgomery,3341,138556,4344,62801
1794,2021/02/24 15:00:00+00,Prince George's,1246,64071,1544,28100
1795,2021/02/24 15:00:00+00,Queen Anne's,364,7508,147,3967
1796,2021/02/24 15:00:00+00,Somerset,13,2924,178,1699
1797,2021/02/24 15:00:00+00,St. Mary's,413,15681,484,11422
1798,2021/02/24 15:00:00+00,Talbot,112,7100,416,4005
1799,2021/02/24 15:00:00+00,Unknown,573,37674,480,17002
1800,2021/02/24 15:00:00+00,Washington,313,19050,427,9934
1801,2021/02/24 15:00:00+00,Wicomico,254,15703,450,9268
1802,2021/02/24 15:00:00+00,Worcester,28,10075,328,5631
1803,2021/02/25 15:00:00+00,Allegany,99,10054,376,6729
1804,2021/02/25 15:00:00+00,Anne Arundel,2307,76245,1519,39826
1805,2021/02/25 15:00:00+00,Baltimore,1739,123658,3811,73190
1806,2021/02/25 15:00:00+00,Baltimore City,1145,66558,1964,38449
1807,2021/02/25 15:00:00+00,Calvert,466,14100,473,6811
1808,2021/02/25 15:00:00+00,Caroline,219,4680,208,2708
1809,2021/02/25 15:00:00+00,Carroll,427,24743,786,13555
1810,2021/02/25 15:00:00+00,Cecil,169,11784,580,7131
1811,2021/02/25 15:00:00+00,Charles,202,15500,95,6996
1812,2021/02/25 15:00:00+00,Dorchester,81,4402,191,2618
1813,2021/02/25 15:00:00+00,Frederick,569,35382,966,22466
1814,2021/02/25 15:00:00+00,Garrett,37,5057,122,2232
1815,2021/02/25 15:00:00+00,Harford,897,34588,932,20763
1816,2021/02/25 15:00:00+00,Howard,1167,53515,2099,26452
1817,2021/02/25 15:00:00+00,Kent,34,4376,186,1949
1818,2021/02/25 15:00:00+00,Montgomery,4081,142637,4374,67175
1819,2021/02/25 15:00:00+00,Prince George's,1750,65821,1378,29478
1820,2021/02/25 15:00:00+00,Queen Anne's,124,7632,156,4123
1821,2021/02/25 15:00:00+00,Somerset,129,3053,25,1724
1822,2021/02/25 15:00:00+00,St. Mary's,359,16040,509,11931
1823,2021/02/25 15:00:00+00,Talbot,100,7200,201,4206
1824,2021/02/25 15:00:00+00,Unknown,564,38238,559,17561
1825,2021/02/25 15:00:00+00,Washington,383,19433,1205,11139
1826,2021/02/25 15:00:00+00,Wicomico,256,15959,420,9688
1827,2021/02/25 15:00:00+00,Worcester,226,10301,439,6070
1828,2021/02/26 15:00:00+00,Allegany,32,10086,408,7137
1829,2021/02/26 15:00:00+00,Anne Arundel,1563,77808,899,40725
1830,2021/02/26 15:00:00+00,Baltimore,2974,126632,4037,77227
1831,2021/02/26 15:00:00+00,Baltimore City,1945,68503,1744,40193
1832,2021/02/26 15:00:00+00,Calvert,152,14252,840,7651
1833,2021/02/26 15:00:00+00,Caroline,305,4985,350,3058
1834,2021/02/26 15:00:00+00,Carroll,465,25208,702,14257
1835,2021/02/26 15:00:00+00,Cecil,513,12297,261,7392
1836,2021/02/26 15:00:00+00,Charles,229,15729,103,7099
1837,2021/02/26 15:00:00+00,Dorchester,76,4478,123,2741
1838,2021/02/26 15:00:00+00,Frederick,1395,36777,513,22979
1839,2021/02/26 15:00:00+00,Garrett,72,5129,427,2659
1840,2021/02/26 15:00:00+00,Harford,1518,36106,1279,22042
1841,2021/02/26 15:00:00+00,Howard,988,54503,2234,28686
1842,2021/02/26 15:00:00+00,Kent,22,4398,141,2090
1843,2021/02/26 15:00:00+00,Montgomery,4175,146812,4291,71466
1844,2021/02/26 15:00:00+00,Prince George's,2012,67833,1431,30909
1845,2021/02/26 15:00:00+00,Queen Anne's,390,8022,80,4203
1846,2021/02/26 15:00:00+00,Somerset,6,3059,217,1941
1847,2021/02/26 15:00:00+00,St. Mary's,686,16726,116,12047
1848,2021/02/26 15:00:00+00,Talbot,323,7523,129,4335
1849,2021/02/26 15:00:00+00,Unknown,740,38978,585,18146
1850,2021/02/26 15:00:00+00,Washington,945,20378,397,11536
1851,2021/02/26 15:00:00+00,Wicomico,80,16039,447,10135
1852,2021/02/26 15:00:00+00,Worcester,120,10421,435,6505
1853,2021/02/27 15:00:00+00,Allegany,2,10088,0,7137
1854,2021/02/27 15:00:00+00,Anne Arundel,840,78648,214,40939
1855,2021/02/27 15:00:00+00,Baltimore,1256,127888,2487,79714
1856,2021/02/27 15:00:00+00,Baltimore City,1084,69587,758,40951
1857,2021/02/27 15:00:00+00,Calvert,58,14310,429,8080
1858,2021/02/27 15:00:00+00,Caroline,1,4986,1,3059
1859,2021/02/27 15:00:00+00,Carroll,236,25444,121,14378
1860,2021/02/27 15:00:00+00,Cecil,189,12486,178,7570
1861,2021/02/27 15:00:00+00,Charles,86,15815,8,7107
1862,2021/02/27 15:00:00+00,Dorchester,7,4485,1,2742
1863,2021/02/27 15:00:00+00,Frederick,1247,38024,146,23125
1864,2021/02/27 15:00:00+00,Garrett,5,5134,0,2659
1865,2021/02/27 15:00:00+00,Harford,430,36536,234,22276
1866,2021/02/27 15:00:00+00,Howard,641,55144,477,29163
1867,2021/02/27 15:00:00+00,Kent,4,4402,3,2093
1868,2021/02/27 15:00:00+00,Montgomery,2128,148940,1375,72841
1869,2021/02/27 15:00:00+00,Prince George's,1116,68949,122,31031
1870,2021/02/27 15:00:00+00,Queen Anne's,35,8057,13,4216
1871,2021/02/27 15:00:00+00,Somerset,10,3069,6,1947
1872,2021/02/27 15:00:00+00,St. Mary's,8,16734,13,12060
1873,2021/02/27 15:00:00+00,Talbot,29,7552,5,4340
1874,2021/02/27 15:00:00+00,Unknown,330,39308,157,18303
1875,2021/02/27 15:00:00+00,Washington,29,20407,4,11540
1876,2021/02/27 15:00:00+00,Wicomico,59,16098,83,10218
1877,2021/02/27 15:00:00+00,Worcester,269,10690,146,6651
